,artist_name,track_name,track_id,popularity,danceability,energy,key,loudness,mode,speechiness,acousticness,instrumentalness,liveness,valence,tempo,duration_ms,time_signature
0,Drake,Rich Flex,1bDbXMyjaUIooNwFE9wn0N,96,0.561,0.52,11,-9.342,0,0.244,0.0503,1.86e-06,0.355,0.424,153.15,239360,3
1,SZA,Kill Bill,3OHfY25tqY28d16oZczHc8,93,0.644,0.728,8,-5.75,1,0.0351,0.0543,0.169,0.161,0.43,88.993,153947,4
2,Sam Smith,Unholy (feat. Kim Petras),3nqQXoyQOWXiESFLlDF1hG,100,0.714,0.472,2,-7.375,1,0.0864,0.013,4.51e-06,0.266,0.238,131.121,156943,4
3,Taylor Swift,Anti-Hero,0V3wPSX9ygBnCm8psDIegu,97,0.637,0.643,4,-6.571,1,0.0519,0.13,1.8e-06,0.142,0.533,97.008,200690,4
4,d4vd,Romantic Homicide,1xK59OXxi2TAAAbmZK0kBL,94,0.571,0.544,6,-10.613,1,0.0299,0.453,0.00805,0.322,0.216,132.052,132631,4
5,Lil Uzi Vert,Just Wanna Rock,4FyesJzVpA39hbYvcseO2d,91,0.486,0.545,11,-7.924,1,0.0336,0.0652,0.00474,0.0642,0.0385,150.187,123891,4
6,SZA,Nobody Gets Me,5Y35SjAfXjjG0sFQ3KOxmm,90,0.358,0.284,7,-8.285,1,0.0285,0.805,0.0,0.183,0.276,99.796,180853,3
7,Zach Bryan,Something in the Orange,3WMj8moIAXJhHsyLaqIIHI,89,0.369,0.192,4,-12.151,0,0.04,0.555,8.35e-06,0.0954,0.148,175.212,228013,3
8,Metro Boomin,Creepin' (with The Weeknd & 21 Savage),2dHHgzDwk4BJdRwy9uXhTO,93,0.715,0.62,1,-6.005,0,0.0484,0.417,0.0,0.0822,0.172,97.95,221520,4
9,SZA,Low,2GAhgAjOhEmItWLfgisyOn,88,0.698,0.546,0,-7.234,0,0.0559,0.425,0.00314,0.16,0.335,145.044,181080,4
10,SZA,Blind,2CSRrnOEELmhpq8iaAi9cd,88,0.461,0.279,9,-11.776,0,0.0373,0.911,0.0,0.205,0.599,114.225,150720,4
11,Drake,Jimmy Cooks (feat. 21 Savage),3F5CgOj3wFlRv51JsHbxhe,90,0.529,0.673,0,-4.711,1,0.175,0.000307,2.41e-06,0.093,0.366,165.921,218365,4
12,Bad Bunny,Tití Me Preguntó,1IHWl5LamUGEuP4ozKQSXZ,95,0.65,0.715,5,-5.198,0,0.253,0.0993,0.000291,0.126,0.187,106.672,243717,4
13,Steve Lacy,Bad Habit,5CM4UuQ9Gnd6K2YyKGPMoK,90,0.686,0.507,1,-7.097,1,0.0357,0.626,7.51e-05,0.383,0.69,168.955,232115,4
14,Morgan Wallen,You Proof,5uU1uuyaUIBOiiUSQG7Wl3,86,0.731,0.85,9,-4.913,1,0.0336,0.252,0.0,0.605,0.644,119.706,157478,4
15,Bad Bunny,Me Porto Bonito,6Sq7ltF9Qa7SNFBsV5Cogx,96,0.911,0.712,1,-5.105,0,0.0817,0.0901,2.68e-05,0.0933,0.425,92.005,178567,4
16,SZA,Seek & Destroy,6eT2V7nKXyMf47TwPbtgAD,86,0.651,0.647,1,-5.415,1,0.0654,0.437,0.175,0.205,0.345,152.069,203733,4
17,SZA,Love Language,1eIXYZWEfJO3Na2LCCnIJE,86,0.707,0.261,9,-10.139,0,0.0784,0.853,0.0,0.127,0.545,65.038,183893,4
18,Metro Boomin,Superhero (Heroes & Villains) [with Future & Chris Brown],0vjeOZ3Ft5jvAi9SBFJm1j,88,0.526,0.606,5,-5.3,0,0.259,0.152,2.36e-06,0.194,0.492,116.622,182667,4
19,Drake,Pussy & Millions (feat. Travis Scott),2KLwPaRDOB87XOYAT2fgxh,89,0.749,0.63,4,-6.652,0,0.116,0.0623,0.0,0.353,0.445,122.03,242027,4
20,SZA,Used (feat. Don Toliver),1TweDM3JC49LNeelLVg3yX,86,0.734,0.689,10,-6.454,0,0.0871,0.532,8.47e-05,0.322,0.705,149.579,70160,4
21,SZA,Snooze,4iZ4pt7kvcaH6Yo8UoZ4s2,85,0.559,0.551,5,-7.231,1,0.132,0.141,0.0,0.11,0.392,143.008,201800,4
22,SZA,Ghost in the Machine (feat. Phoebe Bridgers),4h5x3XHLVYFJaItKuO2rhy,85,0.624,0.433,6,-9.572,1,0.0467,0.837,0.0294,0.113,0.589,124.979,218587,4
23,SZA,SOS,5xMw6qCcpd2gBXPGTegC4W,85,0.507,0.657,7,-7.356,0,0.233,0.669,6.97e-06,0.0947,0.506,119.159,117773,1
24,SZA,Special,6RQ5IwG7uADz9LDWliJGjU,85,0.604,0.199,0,-11.831,1,0.05,0.777,0.0,0.109,0.191,76.134,158840,4
25,David Guetta,I'm Good (Blue),4uUG5RXrOk84mYEfFvj3cK,97,0.561,0.965,7,-3.673,0,0.0343,0.00383,7.07e-06,0.371,0.304,128.04,175238,4
26,SZA,Shirt,34ZAzO78a5DAVNrYIGWcPm,89,0.824,0.453,3,-9.604,0,0.0968,0.146,0.0273,0.0896,0.552,119.959,181831,4
27,Drake,Major Distribution,46s57QULU02Voy0Kup6UEb,88,0.908,0.546,8,-10.491,0,0.323,0.0127,0.0,0.0707,0.225,131.016,170502,4
28,OneRepublic,I Ain't Worried,4h9wh7iOZ0GGn8QVp4RAOB,95,0.704,0.797,0,-5.927,1,0.0475,0.0826,0.000745,0.0546,0.825,139.994,148486,4
29,Future,WAIT FOR U (feat. Drake & Tems),59nOXPmaKlBfGMDeOVGrIK,88,0.463,0.642,1,-4.474,1,0.34,0.314,0.0,0.0686,0.339,83.389,189893,4
30,Drake,On BS,34tz0eDhGuFErIuW3q4mPX,87,0.841,0.358,9,-8.368,1,0.591,0.0201,0.0,0.39,0.329,158.014,261544,4
31,d4vd,Here With Me,78Sw5GDo6AlGwTwanjXbGh,92,0.574,0.469,4,-8.209,1,0.0254,0.534,9.21e-05,0.128,0.288,132.023,242485,4
32,JVKE,golden hour,5odlY52u43F5BjByhxg7wg,90,0.515,0.593,4,-4.801,1,0.0322,0.653,0.162,0.25,0.153,94.467,209260,3
33,SZA,Gone Girl,2Sjx8DWZO5zaTyTAmgo2gY,84,0.428,0.439,5,-7.674,1,0.0591,0.57,0.0,0.153,0.418,150.007,244027,4
34,SZA,Notice Me,4fnNBPN9W6AoOYSQS3FJxT,84,0.724,0.68,5,-6.822,1,0.117,0.275,9.91e-05,0.11,0.777,159.919,160920,4
35,Meghan Trainor,Made You Look,0QHEIqNKsMoOY5urbzN48u,95,0.838,0.525,10,-3.562,1,0.0665,0.345,1.92e-06,0.0771,0.884,144.981,134256,4
36,SZA,F2F,2e2AXpIiJpet5b4qg85Gh6,84,0.533,0.74,2,-5.767,1,0.0359,0.089,2.95e-06,0.337,0.465,89.934,185040,4
37,Taylor Swift,Lavender Haze,5jQI2r1RdgtuT8S3iG8zFC,90,0.733,0.436,10,-10.489,1,0.08,0.258,0.000573,0.157,0.0976,96.985,202396,4
38,SZA,Open Arms (feat. Travis Scott),0xaFw2zDYf1rIJWl2dXiSF,84,0.665,0.59,9,-7.608,1,0.161,0.763,0.0132,0.147,0.216,77.559,239613,4
39,Taylor Swift,Midnight Rain,3rWDp9tBPQR9z6U5YyRSK4,90,0.643,0.363,0,-11.738,1,0.0767,0.69,5.17e-05,0.115,0.23,139.865,174783,4
40,SZA,Smoking on my Ex Pack,4jTs7ny5eSRnKTzxdrFv5I,83,0.466,0.676,8,-8.097,1,0.38,0.241,0.00318,0.224,0.333,81.227,83827,4
41,SZA,Conceited,4hTej08FutmriOs7S1hWWy,83,0.791,0.458,1,-8.236,1,0.0673,0.0486,4.08e-05,0.106,0.772,150.046,151413,4
42,Post Malone,I Like You (A Happier Song) (with Doja Cat),0O6u0VJ46W86TxN9wgyqDj,89,0.733,0.67,5,-6.009,1,0.0751,0.121,0.0,0.121,0.472,100.964,192841,4
43,Harry Styles,As It Was,4LRPiXqCikLlN15c3yImP7,93,0.52,0.731,6,-5.338,0,0.0557,0.342,0.00101,0.311,0.662,173.93,167303,4
44,Beyoncé,CUFF IT,1xzi1Jcr7mEi9K2RfzLOqS,93,0.78,0.689,7,-5.668,1,0.141,0.0368,9.69e-06,0.0698,0.642,115.042,225389,4
45,Drake,Spin Bout U,2ZL7WZcjuYKi1KUDtp4kCC,86,0.773,0.701,7,-6.386,1,0.0512,0.01,0.0,0.163,0.203,129.963,214589,4
46,SZA,Far,74NI58MQexwZjNu1Gu6GjT,82,0.612,0.549,2,-7.401,1,0.0833,0.672,0.000203,0.163,0.477,115.915,180680,4
47,SZA,Too Late,4rAg5bbrdZX00mXXhLvYXj,82,0.445,0.681,11,-7.558,1,0.0829,0.781,0.000789,0.386,0.351,127.541,164427,5
48,Joji,Die For You,26hOm7dTtBi0TdpDGl141t,90,0.472,0.518,8,-7.379,1,0.051,0.383,0.127,0.289,0.154,147.805,211667,4
49,Bad Bunny,Efecto,5Eax0qFko2dh7Rl2lYs3bx,94,0.801,0.475,7,-8.797,0,0.0516,0.141,1.73e-05,0.0639,0.234,98.047,213061,4
50,Bailey Zimmerman,Rock and A Hard Place,4686eQ81DEswHa90bcdlC9,83,0.582,0.568,1,-7.3,1,0.0275,0.577,0.0,0.105,0.394,121.991,207541,3
51,Drake,Circo Loco,7GeTsDIc5ykNB6lORO6Cee,86,0.734,0.605,1,-8.476,1,0.0699,0.0102,0.0,0.317,0.252,103.976,236795,4
52,Harry Styles,Late Night Talking,1qEmFfgcLObUfQm0j1W2CK,90,0.714,0.728,10,-4.595,1,0.0468,0.298,0.0,0.106,0.901,114.996,177955,4
53,Omar Apollo,Evergreen (You Didn’t Deserve Me At All),2TktkzfozZifbQhXjT6I33,87,0.697,0.336,9,-10.395,1,0.0424,0.598,0.00528,0.107,0.31,82.029,216680,3
54,SZA,Good Days,4PMqSO5qyjpvzhlLI5GnID,81,0.461,0.651,1,-8.81,0,0.0568,0.418,1.26e-05,0.782,0.383,121.07,278480,4
55,Manuel Turizo,La Bachata,5ww2BF9slyYgNOk37BlC4u,98,0.835,0.679,7,-5.329,0,0.0364,0.583,1.98e-06,0.218,0.85,124.98,162638,4
56,SZA,I Hate U,2aJnyNu4PQxQ2lyj5boiMG,81,0.533,0.417,7,-8.665,0,0.148,0.514,0.0,0.114,0.376,106.534,173907,5
57,SZA,Forgiveless (feat. Ol' Dirty Bastard),5IcP1PPnleZ2kuwKDyfNC5,80,0.668,0.769,9,-5.25,1,0.218,0.366,0.0,0.0861,0.469,79.852,141960,4
58,Drake,Privileged Rappers,7l2nxyx7IkBX5orhkALg0V,85,0.934,0.614,5,-7.384,1,0.198,0.00274,0.0,0.123,0.616,144.045,160821,4
59,Taylor Swift,Maroon,3eX0NZfLtGzoLUxPNvRfqm,87,0.637,0.398,7,-8.294,1,0.0564,0.0573,1.03e-06,0.101,0.0374,108.075,218271,4
60,Drake,Broke Boys,45pUWUeEWGoSdH6UF162G8,84,0.642,0.533,2,-7.45,1,0.266,0.0104,0.000108,0.251,0.112,120.041,225439,4
61,Steve Lacy,Static,4OmfWzukSVD140NiAIEjem,85,0.335,0.305,1,-12.661,1,0.0741,0.434,0.631,0.101,0.215,79.001,156507,5
62,Joji,Glimpse of Us,6xGruZOHLs39ZbVccQTuPZ,90,0.44,0.317,8,-9.258,1,0.0531,0.891,4.78e-06,0.141,0.268,169.914,233456,3
63,Doja Cat,Vegas (From the Original Motion Picture Soundtrack ELVIS),0hquQWY3xvYqN4qtiquniF,87,0.801,0.601,8,-7.574,0,0.255,0.0777,3.23e-05,0.145,0.74,159.969,182907,4
64,Oliver Tree,Miss You,73vIOb4Q7YN6HeJTbscRx5,94,0.587,0.742,6,-6.64,0,0.0529,0.0128,0.00107,0.146,0.199,145.007,206000,4
65,Metro Boomin,Niagara Falls (Foot or 2) [with Travis Scott & 21 Savage],4WuOWVnAqvEQxgSRrspBgt,86,0.671,0.658,2,-5.567,1,0.309,0.189,8.66e-05,0.147,0.257,87.933,207307,4
66,Taylor Swift,Karma,7KokYm8cMIXCsGVmUvKtqf,87,0.642,0.62,8,-7.091,1,0.0666,0.0734,0.0,0.483,0.0969,90.02,204852,4
67,Brent Faiyaz,ALL MINE,3XgGQ1wjo5khvq2UImjyNF,83,0.617,0.378,9,-8.54,1,0.0315,0.428,9.16e-05,0.11,0.22,141.967,216063,4
68,Taylor Swift,Snow On The Beach (feat. Lana Del Rey),1wtOxkiel43cVs0Yux5Q4h,88,0.663,0.319,9,-13.481,1,0.0375,0.69,0.000993,0.117,0.193,109.957,256124,4
69,Bad Bunny,Moscow Mule,6Xom58OOXk2SoU711L2IXO,92,0.804,0.674,5,-5.453,0,0.0333,0.294,1.18e-06,0.115,0.292,99.968,245940,4
70,Taylor Swift,"You're On Your Own, Kid",4D7BCuvgdJlYvlX5WlN54t,87,0.696,0.396,2,-10.289,1,0.0656,0.401,5.2e-06,0.125,0.38,120.041,194207,4
71,Taylor Swift,"Would've, Could've, Should've",0aV5uARAknQgYhBaK944FP,85,0.483,0.84,7,-6.508,1,0.119,0.43,0.000575,0.146,0.55,157.979,260362,4
72,Bad Bunny,Ojitos Lindos,3k3NWokhRRkEPhCzPmV8TW,94,0.647,0.686,3,-5.745,0,0.0413,0.08,1.34e-06,0.528,0.268,79.928,258299,4
73,Freddie Dredd,Limbo,37F7E7BKEw2E4O2L7u0IEp,87,0.802,0.623,11,-5.862,0,0.459,0.0292,0.055,0.113,0.457,74.987,169947,4
74,Taylor Swift,Bejeweled,3qoftcUZaUOncvIYjFSPdE,87,0.696,0.559,7,-9.19,1,0.0693,0.0618,5.58e-05,0.0887,0.433,163.999,194166,4
75,Grupo Frontera,No Se Va - En Vivo,5JhUm1v5AbI5Yu6jLKCPRO,90,0.594,0.527,0,-9.335,1,0.0335,0.121,0.0,0.234,0.692,172.712,194019,4
76,Metro Boomin,Too Many Nights (feat. Don Toliver & with Future),2Hh3ETdQKrmSI3QS0hme7g,85,0.684,0.671,7,-4.392,0,0.0464,0.189,2.37e-05,0.122,0.156,88.048,199920,4
77,Morgan Wallen,Thought You Should Know,6NHpyYvJyQsg2nXXzGYc2R,81,0.529,0.695,6,-6.174,1,0.0278,0.488,1.24e-05,0.142,0.514,139.993,215572,4
78,Billie Eilish,TV,3GYlZ7tbxLOxe6ewMNVTkw,87,0.412,0.236,4,-15.159,0,0.0379,0.83,0.00653,0.147,0.119,140.214,281381,4
79,Morgan Wallen,One Thing At A Time,6KGtAlYvgm4W9PoYabFAYE,81,0.614,0.913,7,-5.126,1,0.0296,0.0042,1.72e-06,0.26,0.92,141.982,206865,4
80,Taylor Swift,The Great War,3UMrglJeju5yWyYIW6o99b,85,0.573,0.741,5,-8.987,1,0.0353,0.219,2.23e-05,0.0842,0.554,96.016,240356,4
81,GloRilla,Tomorrow 2 (with Cardi B),7KXVIAuw3m2hxZanrpSXS3,82,0.791,0.818,0,-3.93,1,0.406,0.0695,0.0,0.114,0.693,159.922,209811,4
82,Drake,BackOutsideBoyz,0wshkEEcJUQU33RSRBb5dv,84,0.849,0.433,5,-8.434,0,0.316,0.0407,0.0,0.388,0.395,142.11,152962,4
83,Taylor Swift,willow,3nYyGYCUrEtOAPHvpGz6vL,0,0.392,0.579,7,-9.195,1,0.164,0.835,0.00179,0.145,0.549,80.961,214707,4
84,Cole Swindell,She Had Me At Heads Carolina,200x8ONbPfFzByUr3fVz46,81,0.607,0.912,8,-3.449,1,0.0611,0.124,0.0,0.332,0.722,134.944,206107,4
85,Rema,Calm Down (with Selena Gomez),0WtM2NBVQNNJLh6scP13H8,94,0.801,0.806,11,-5.206,1,0.0381,0.382,0.000669,0.114,0.802,106.999,239318,4
86,Bad Bunny,Neverita,31i56LZnwE6uSu3exoHjtB,92,0.876,0.498,10,-7.511,1,0.0478,0.0706,0.0,0.143,0.428,122.016,173119,4
87,Juice WRLD,In My Head,2RJAKIw6nIkgZVsAIKhmqz,83,0.633,0.548,5,-5.634,0,0.0467,0.269,0.0,0.16,0.35,160.011,192000,4
88,Nicki Minaj,Super Freaky Girl,4C6Uex2ILwJi9sZXRdmqXp,87,0.95,0.891,2,-2.653,1,0.241,0.0645,1.77e-05,0.309,0.912,133.01,170977,4
89,Bizarrap,"Quevedo: Bzrp Music Sessions, Vol. 52",2tTmW7RDtMQtBk7m2rYeSw,97,0.621,0.782,2,-5.548,1,0.044,0.0125,0.033,0.23,0.55,128.033,198938,4
90,Yeat,Out thë way,6IyoLWzljeR3ldQo4KWHT6,82,0.767,0.628,4,-7.41,0,0.242,0.21,8.79e-06,0.275,0.798,128.07,150242,4
91,Taylor Swift,Vigilante Shit,1xwAWUI6Dj0WGC3KiUPN0O,85,0.798,0.277,4,-11.096,0,0.39,0.173,5.25e-05,0.121,0.163,79.846,164801,4
92,Stephen Sanchez,Until I Found You (with Em Beihold) - Em Beihold Version,1Y3LN4zO1Edc2EluIoSPJN,90,0.551,0.55,10,-5.339,1,0.0286,0.777,0.0,0.202,0.342,101.19,176440,3
93,Juice WRLD,Face 2 Face,6L4XGeAdRRC32vVJpp8MdM,81,0.711,0.72,9,-4.532,1,0.0308,0.0948,0.0,0.101,0.437,155.997,124558,4
94,Drake,Hours In Silence,0sSRLXxknVTQDStgU1NqpY,83,0.501,0.403,6,-11.106,0,0.119,0.234,0.0,0.267,0.111,118.352,399154,4
95,Tyler Hubbard,5 Foot 9,6AqwH2Y9FJwhUE2dCSkw1u,80,0.602,0.796,5,-5.609,1,0.0465,0.146,0.0,0.125,0.53,106.005,189780,4
96,Rihanna,Lift Me Up - From Black Panther: Wakanda Forever - Music From and Inspired By,35ovElsgyAtQwYPYnZJECg,90,0.247,0.299,9,-6.083,1,0.0315,0.899,0.0,0.131,0.172,177.115,196520,4
97,Metro Boomin,Raindrops (Insane) [with Travis Scott],1pacwLXyRO47ka0v6LTIiY,83,0.796,0.539,7,-5.974,0,0.0433,0.103,0.0,0.343,0.123,111.988,188587,4
98,Taylor Swift,Paris,7712gjoih4QoDbXpljEk21,84,0.7,0.509,7,-10.547,1,0.0789,0.112,3.27e-05,0.137,0.345,110.947,196259,4
99,Taylor Swift,Bigger Than The Whole Sky,0BiqmkasE5FdrChwKfVp8X,84,0.422,0.235,6,-12.379,1,0.0568,0.826,0.00648,0.115,0.068,165.71,218503,4
100,Future,PUFFIN ON ZOOTIEZ,1qMMYpVatbRITKCfq1gasi,81,0.883,0.657,8,-5.748,1,0.305,0.0603,0.0,0.128,0.284,124.992,172933,4
101,PinkPantheress,Boy's a liar,3NanY0K4okhIQzL33U5Ad8,84,0.656,0.838,5,-8.407,1,0.041,0.25,0.00281,0.207,0.74,132.981,131253,4
102,Bailey Zimmerman,Fall In Love,5gVCfYmQRPy1QJifP8f5gg,79,0.524,0.643,9,-6.055,1,0.0297,0.451,0.0,0.221,0.397,135.962,232059,4
103,Jack Harlow,First Class,0wHFktze2PHC5jDt3B17DC,85,0.902,0.582,5,-5.902,0,0.109,0.111,3.18e-06,0.111,0.332,107.005,173948,4
104,Morgan Wallen,Tennessee Fan,3Ga7Uele3zN57vQ4F0HPTW,79,0.482,0.847,6,-4.741,1,0.0317,0.081,0.0,0.0832,0.592,76.01,198255,4
105,Taylor Swift,Question...?,6C7OF1Jal7YkyjzyUG8vkK,83,0.751,0.502,7,-8.777,1,0.162,0.226,0.0,0.297,0.112,108.989,210557,4
106,Jordan Davis,What My World Spins Around,6HBRLaSQ7NB8MNlaqzYen1,79,0.675,0.726,2,-6.459,1,0.0461,0.105,0.0,0.153,0.671,124.872,186791,4
107,Bad Bunny,Party,4tYFy8ALRjIZvnvSLw5lxN,89,0.829,0.799,9,-5.389,1,0.0897,0.0151,0.000543,0.242,0.471,97.013,227629,4
108,KAROL G,PROVENZA,7dSZ6zGTQx66c2GF91xCrb,91,0.87,0.516,1,-8.006,1,0.0541,0.656,0.00823,0.11,0.53,111.005,210200,4
109,Metro Boomin,Umbrella (with 21 Savage & Young Nudy),2Yt4SXIgmoaPZHGdRafp4P,82,0.822,0.788,11,-3.634,0,0.173,0.0838,0.000173,0.359,0.389,111.016,222000,4
110,Lil Nas X,STAR WALKIN' (League of Legends Worlds Anthem),38T0tPVZHcPZyhtOcCP7pF,90,0.637,0.715,2,-4.971,0,0.0455,0.148,0.0,0.0892,0.308,141.872,210576,4
111,Lil Yachty,Poland,74loibzxXRL875X20kenvk,83,0.695,0.555,5,-8.5,0,0.0509,0.141,0.826,0.11,0.26,150.024,83200,4
112,Taylor Swift,Mastermind,56hioFjQ0DXrdn04hZcFgG,83,0.661,0.352,4,-14.077,1,0.117,0.571,0.00147,0.0884,0.13,125.934,191039,4
113,Cults,Gilded Lily,6PaWZ0PIMxx15YBgCohvXY,84,0.4,0.571,11,-6.534,0,0.0288,0.468,3.05e-05,0.519,0.146,61.859,212736,4
114,Ivan Cornejo,La Curiosidad,0hnvQLkV7yOjslEzflJSK4,80,0.626,0.454,3,-8.767,0,0.0392,0.729,0.000442,0.159,0.36,123.351,216000,4
115,Nate Smith,Whiskey On You,6Tm4Io4ct4w14nB1EUzsY3,79,0.479,0.768,8,-5.204,1,0.0312,7.02e-05,0.00549,0.121,0.576,110.024,183790,4
116,Drake,Jumbotron Shit Poppin,2ZlABhxMMa43COmZ97kKsJ,81,0.799,0.575,6,-6.257,0,0.282,0.221,0.0,0.196,0.319,99.026,137151,4
117,Arcángel,La Jumpa,5MxFWjuqQIsbNWbMdMdbli,91,0.713,0.703,8,-5.769,1,0.194,0.298,0.0,0.321,0.576,123.06,255693,4
118,Zach Bryan,"Burn, Burn, Burn",5jfhLCSIFUO4ndzNRh4w4G,79,0.508,0.296,3,-10.513,1,0.0755,0.897,5e-05,0.11,0.134,82.532,268856,4
119,Drake,More M’s,29YW2xXlo6Pc6M0SBTCXYN,81,0.704,0.504,1,-6.749,1,0.223,0.0405,0.000422,0.139,0.0713,82.537,221406,4
120,Taylor Swift,High Infidelity,5kiZGSxgqPdv6rbqL9THdd,83,0.646,0.529,10,-10.179,1,0.0864,0.723,0.0,0.0885,0.755,87.862,231475,4
121,Lizzo,About Damn Time,1PckUlxKqWQs3RlWXVBLw3,86,0.836,0.743,10,-6.305,0,0.0656,0.0995,0.0,0.335,0.722,108.966,191822,4
122,Kordhell,Murder In My Mind,6qyS9qBy0mEk3qYaH8mPss,90,0.712,0.972,10,-0.514,1,0.112,0.00547,7.06e-05,0.128,0.568,119.966,145000,4
123,Armani White,BILLIE EILISH.,27ZZdyTSQWI7Cug2d2PkqV,86,0.9,0.509,1,-6.647,1,0.257,0.115,1.67e-06,0.0937,0.765,100.007,99283,4
124,RAYE,Escapism.,5Z2MiIZ5I3jJvvmeWMLbOQ,89,0.538,0.742,2,-5.355,1,0.114,0.138,4.67e-05,0.0934,0.25,96.107,272373,4
125,Zach Bryan,Sun to Me,1SjsVdSXpwm1kTdYEHoPIT,78,0.505,0.27,9,-9.165,0,0.0333,0.593,0.0,0.133,0.557,98.721,163032,4
126,Ivan Cornejo,J.,4lUsBLTAiufWocWtg4H0my,79,0.408,0.47,10,-10.149,1,0.0893,0.666,5.44e-05,0.0926,0.0953,51.66,234613,4
127,Lil Baby,California Breeze,6ug9fUi5oLLgQgOF1G8WkM,81,0.738,0.666,5,-6.97,0,0.455,0.00361,0.0,0.107,0.215,161.734,177789,4
128,Zach Bryan,Oklahoma Smokeshow,0OWhKvvsHptt6vnnNUSM9a,78,0.544,0.573,8,-5.694,1,0.0356,0.0958,0.0,0.104,0.233,122.977,211739,4
129,Bad Bunny,Después de la Playa,1dm6z1fWB0cErMszU25dy2,87,0.564,0.903,5,-3.221,1,0.307,0.356,0.0,0.175,0.607,78.293,230400,4
130,Kenshi Yonezu,KICK BACK,3khEEPRyBeOUabbmOPJzAG,88,0.577,0.941,1,-5.17,1,0.105,0.00207,3.36e-06,0.0891,0.292,101.921,193495,4
131,Imagine Dragons,Bones,0HqZX76SFLDz2aW8aiqi7G,89,0.773,0.742,5,-3.678,0,0.046,0.0206,0.0,0.0754,0.571,114.071,165265,4
132,Metro Boomin,On Time (with John Legend),0YFqKxV9uNu6LUeYkLOKRS,82,0.364,0.62,5,-6.638,0,0.0555,0.736,0.00225,0.429,0.491,79.904,168920,4
133,Nardo Wick,Dah Dah DahDah,2TSfStvlAMLw89u3tali79,78,0.66,0.373,11,-10.234,1,0.595,0.149,0.0,0.106,0.35,167.912,151776,4
134,Taylor Swift,Labyrinth,43q586vP8gGkYypKoSddhl,82,0.487,0.313,0,-15.434,1,0.0487,0.791,0.348,0.124,0.141,110.039,247962,4
135,The 1975,About You,1fDFHXcykq4iw8Gg7s5hG9,85,0.416,0.762,2,-7.385,1,0.0279,0.312,0.804,0.0559,0.461,95.967,326491,4
136,Taylor Swift,Sweet Nothing,3zmwONxswBAzGwExPugSLN,82,0.334,0.161,0,-14.875,1,0.0506,0.967,4.71e-05,0.115,0.396,176.747,188497,4
137,LE SSERAFIM,ANTIFRAGILE,4fsQ0K37TOXa3hEQfjEic1,89,0.882,0.797,10,-3.299,0,0.0819,0.0821,0.0,0.113,0.824,105.025,184444,4
138,Morgan Wallen,Days That End In Why,4tn5fOYDtxFldIMVOVcKkc,78,0.451,0.618,6,-5.677,1,0.0263,0.213,3.22e-05,0.165,0.457,159.856,162475,3
139,Kane Brown,Thank God,1brnLTvarI9D1hLP6z2Ar8,78,0.738,0.455,3,-8.735,1,0.0352,0.695,0.0,0.107,0.441,99.945,174560,4
140,KAROL G,GATÚBELA,1ga4PztXOIw1yBbdUt2X8v,89,0.627,0.858,11,-2.824,0,0.386,0.263,0.0,0.21,0.342,92.523,209160,4
141,Bad Bunny,La Corriente,1797zYiX4cKosMH836X9Gt,88,0.663,0.786,11,-3.51,0,0.195,0.229,0.0,0.219,0.579,196.12,198367,4
142,Bad Bunny,Tarot,41oY4WCTj5kccfesTVFnvN,89,0.795,0.684,11,-3.971,0,0.0419,0.0225,0.0,0.658,0.419,114.011,237895,4
143,Shakira,Monotonía,6G12ZafqofSq7YtrMqUm76,92,0.873,0.695,0,-4.207,0,0.0459,0.419,1.23e-06,0.211,0.823,131.963,158805,4
144,HARDY,wait in the truck (feat. Lainey Wilson),7trjNYF5ek7zX4GKSHQZbP,77,0.534,0.466,6,-6.98,1,0.0272,0.277,0.0,0.0979,0.23,140.0,277660,4
145,Noah Kahan,Stick Season,0mflMxspEfB0VbI1kyLiAv,78,0.662,0.488,9,-6.894,1,0.0682,0.782,0.0,0.102,0.817,117.913,182347,4
146,Jung Kook,Dreamers [Music from the FIFA World Cup Qatar 2022 Official Soundtrack],1RDvyOk4WtPCtoqciJwVn8,93,0.71,0.879,0,-4.218,1,0.0422,0.158,0.00142,0.439,0.341,114.993,201391,4
147,Sabrina Carpenter,Nonsense,6dgUya35uo964z7GZXM07g,83,0.74,0.697,8,-4.912,1,0.034,0.0268,0.0,0.224,0.732,138.992,163648,4
148,Kendrick Lamar,N95,0fX4oNGBWO3dSGUZcVdVV2,83,0.79,0.67,1,-5.527,1,0.105,0.377,2.32e-06,0.119,0.408,139.956,195950,4
149,Rosa Linn,SNAP,76OGwb5RA9h4FxQPT33ekc,93,0.565,0.636,0,-8.198,1,0.0638,0.107,9.9e-06,0.447,0.525,170.01,179551,4
150,Quavo,To The Bone (feat. YoungBoy Never Broke Again),4wRJHXHDJnKSPr9IVn0BFR,80,0.899,0.582,11,-7.275,0,0.264,0.0395,0.0,0.1,0.505,149.973,283196,4
151,Drake,Treacherous Twins,4Flfb4fGscN9kXPOduQLrv,81,0.746,0.517,10,-7.582,0,0.327,0.0782,0.0,0.137,0.609,88.987,180098,4
152,Luke Combs,The Kind of Love We Make,48UKTR66uUOT9LaUvooTNx,79,0.608,0.745,1,-4.13,1,0.0277,0.0226,6.47e-06,0.0942,0.464,102.025,224427,4
153,Taylor Swift,Glitch,6wAFvJPpTZVirBKGZ4EnMW,81,0.675,0.466,11,-9.738,0,0.201,0.361,0.0,0.11,0.347,140.864,148781,4
154,Quavo,HOTEL LOBBY (Unc & Phew),4vVjPTApwXZwB2H3mBq3ml,81,0.825,0.649,11,-4.297,1,0.169,0.117,0.0,0.232,0.143,127.978,142657,4
155,SZA,Awkward,2xZ0zfuDTv5LxLhEgD82PG,80,0.618,0.474,5,-12.097,1,0.0789,0.182,0.000122,0.108,0.397,119.999,178000,4
156,Metro Boomin,Metro Spider (with Young Thug),2VtgzixdB967bHDNu5A1nh,81,0.709,0.734,1,-5.027,1,0.125,0.0411,0.0,0.346,0.245,143.087,174560,4
157,Tiësto,10:35,6BePGk3eCan4FqaW2X8Qy3,87,0.696,0.793,8,-5.733,1,0.097,0.0683,3.78e-06,0.18,0.698,120.003,172253,4
158,ThxSoMch,SPIT IN MY FACE!,7yBEKiv1LmO7GM4rOejhcW,84,0.73,0.785,8,-6.512,1,0.055,0.0464,0.0227,0.111,0.652,94.107,147875,4
159,Luke Combs,"Going, Going, Gone",67AdiJcurlf6gocGobfaXs,78,0.565,0.56,6,-6.034,1,0.0275,0.538,0.0,0.0961,0.325,159.931,177267,4
160,Metro Boomin,Around Me (feat. Don Toliver),221qmpQeBNV87sUjQeUTVH,81,0.693,0.67,2,-3.537,0,0.0345,0.0958,0.00857,0.432,0.084,119.907,191520,4
161,Metro Boomin,Trance (with Travis Scott & Young Thug),5wG3HvLhF6Y5KTGlK0IW3J,81,0.571,0.549,1,-7.38,0,0.404,0.18,0.0,0.168,0.447,119.497,194787,4
162,Drake,Middle of the Ocean,410TZrK18uRjtsTunG14cl,80,0.466,0.703,4,-5.774,0,0.393,0.18,0.0,0.422,0.25,76.815,356389,3
163,Yung Gravy,Betty (Get Money),4cacyP5c3PMlfnyjpg13xW,81,0.723,0.772,1,-6.784,1,0.0792,0.00524,1.15e-05,0.367,0.58,102.004,146471,4
164,Marshmello,Bye Bye,6XO8RlYuJCiI0v3IA48FeJ,81,0.645,0.525,3,-5.399,0,0.0355,0.0574,0.0,0.505,0.238,83.018,108499,4
165,NLE Choppa,Do It Again (feat. 2Rare),5gAwpwuchaCGnJLlBMGBzp,82,0.806,0.64,11,-7.398,0,0.317,0.0864,0.0,0.201,0.716,160.054,213206,4
166,Pharrell Williams,Down In Atlanta,5unjCay0kUjuej5ebn4nS4,84,0.851,0.819,7,-5.173,1,0.212,0.337,0.000153,0.0658,0.903,83.154,164041,3
167,The Weeknd,Blinding Lights,3FcLoDwqpQTqQ2FW78WZGg,0,0.512,0.796,1,-4.075,1,0.0645,0.00147,0.000209,0.0938,0.344,171.014,201573,4
168,The Weeknd,Save Your Tears,0y4bIAApvboQDZTOhWjuHD,2,0.685,0.816,0,-5.496,1,0.0308,0.0216,2.05e-05,0.439,0.619,118.065,215627,4
169,The Weeknd,Sacrifice,3HWE7gtyBDtMk2AbVPICk0,3,0.735,0.795,11,-6.523,0,0.113,0.0296,3.18e-05,0.0678,0.905,122.0,188918,4
170,The Weeknd,Call Out My Name,6n9o5EwFFyx6PD2rcRyLil,3,0.468,0.608,1,-4.938,1,0.0363,0.191,0.0,0.304,0.146,134.096,228373,3
171,The Weeknd,Scared To Live,2mGu8gkCT2TuVKORXYM6ei,0,0.488,0.498,0,-8.24,1,0.0479,0.131,0.0,0.0929,0.198,87.419,191307,4
172,The Weeknd,Love In The Sky - Edited Version,587NQwgT7UOsErCgPOVjYe,1,0.635,0.734,9,-6.906,0,0.0514,0.195,0.000525,0.637,0.369,115.048,267920,4
173,The Weeknd,Take My Breath,7035uuMaFOYd1BCIkFfC96,0,0.698,0.769,8,-7.154,1,0.0368,0.0128,0.00166,0.238,0.354,121.02,339023,4
174,The Weeknd,I Was Never There,26gnHQRspg5Ing1wc8Iv31,1,0.323,0.737,10,-4.008,1,0.0335,0.14,0.000162,0.163,0.156,112.923,241067,4
175,The Weeknd,Die For You,0XTgNVLnzXDSLxzQIMsVCu,0,0.602,0.528,1,-7.152,0,0.0556,0.11,0.0,0.157,0.455,133.851,260256,4
176,The Weeknd,Take My Breath - Single Version,2liQcXFCWNq4mjwehzQBZy,0,0.747,0.739,8,-6.008,1,0.0487,0.0106,2.22e-05,0.101,0.523,120.996,220196,4
177,Taylor Swift,Dear Reader,3QF5RsWzK1lCvf2o2cY65P,81,0.562,0.388,0,-12.088,1,0.0705,0.481,0.00145,0.117,0.159,107.747,225194,4
178,Polo G,My All,2UQ2oUbHiB8wWYCE42JX0k,79,0.493,0.613,1,-6.636,1,0.414,0.0393,0.0,0.128,0.373,156.104,197692,4
179,Fuerza Regida,Billete Grande (En Vivo),3XfUFGzbr0LmwFVoLXd9cO,85,0.751,0.601,5,-5.912,0,0.0828,0.533,0.0,0.377,0.56,100.994,163940,1
180,The Weeknd,Can't Feel My Face,1CEfsgezrh5Kz7LIfrKNyF,4,0.71,0.774,9,-5.511,0,0.041,0.117,0.0,0.0967,0.61,107.96,213520,4
181,Harry Styles,Matilda,6uvh0In7u1Xn4HgxOfAn8O,84,0.507,0.294,2,-10.0,1,0.04,0.896,1.97e-05,0.0966,0.386,114.199,245964,4
182,KAROL G,CAIRO,6WbAhuwE6fCOriBu5786X1,89,0.951,0.692,5,-4.038,0,0.312,0.472,0.000182,0.0894,0.431,115.047,201280,4
183,Metro Boomin,Walk Em Down (Don't Kill Civilians) [with 21 Savage & feat. Mustafa],1UsQe17Ef7tV1ahFqHEFR3,80,0.521,0.526,1,-8.691,1,0.276,0.131,0.000577,0.173,0.179,161.571,310960,4
184,Isabel LaRosa,i'm yours,37vVp2sWHuuIBOSl1NswP6,84,0.398,0.705,5,-7.07,0,0.0756,0.204,5.13e-05,0.443,0.635,111.487,145668,4
185,Grupo Marca Registrada,El Rescate,4w273WCBXwM4P3jTX5HkB2,87,0.794,0.594,7,-8.698,0,0.139,0.283,0.000381,0.109,0.637,99.238,160897,3
186,Dove Cameron,Boyfriend,59CfNbkERJ3NoTXDvoURjj,85,0.345,0.612,7,-6.543,0,0.0608,0.232,0.0,0.194,0.232,179.773,153000,3
187,Sleepy Hallow,Die Young (feat. 347aidan),6EbVuwU7EnKeF2hdpViXCH,80,0.808,0.582,11,-6.26,1,0.338,0.827,0.0,0.111,0.675,77.471,148817,4
188,$uicideboy$,Matte Black,0hPRWztAIbNkt6GcFcLiqF,78,0.877,0.826,10,-3.75,0,0.206,0.122,1.05e-05,0.104,0.814,75.003,238146,4
189,Metro Boomin,I Can't Save You (Interlude) [with Future & feat. Don Toliver],2N9LEu6Pf8nDcp3GjWJT1Z,80,0.668,0.727,1,-4.613,1,0.248,0.0301,0.0,0.143,0.309,143.083,90720,4
190,Metro Boomin,Feel The Fiyaaaah (with A$AP Rocky & feat. Takeoff),3SsJ17EnPIu1B4GZshqjIS,79,0.491,0.77,5,-6.018,0,0.308,0.112,0.0,0.319,0.37,177.977,189427,3
191,$uicideboy$,1000 Blunts,09riz9pAPJyYYDVynE5xxY,77,0.83,0.698,5,-6.517,0,0.077,0.224,1.02e-06,0.191,0.595,132.99,175476,4
192,Marshmello,Numb,10xV5l9nhLvFpR8mqzs0bL,85,0.912,0.774,0,-4.673,0,0.0455,0.121,0.0127,0.101,0.632,119.966,155589,4
193,Harry Styles,Satellite,0rzaRSujxA0bKyjJl6vHYq,83,0.576,0.457,0,-6.473,1,0.0304,0.143,3.05e-05,0.0917,0.301,138.984,218577,4
194,$uicideboy$,I Dream of Chrome,3QQXpvZd9qmzHZ02wDf2im,73,0.84,0.934,0,-3.717,1,0.119,0.0484,0.0,0.0961,0.67,149.994,145843,4
195,JVKE,this is what falling in love feels like,2PWTZV5znjLtZC5T1EVJvL,82,0.422,0.44,11,-5.53,1,0.0544,0.617,0.0,0.0837,0.332,128.934,120308,5
196,Lil Baby,Not Finished,2A0G0bPmlkUXUbvWqrAXzg,78,0.785,0.524,1,-7.004,1,0.122,0.0123,0.0,0.365,0.0855,142.007,163454,4
197,Harry Styles,Music For a Sushi Restaurant,5LYMamLv12UPbemOaTPyeV,84,0.72,0.715,11,-4.652,1,0.04,0.258,0.0568,0.107,0.357,107.041,193813,4
198,Øneheart,snowfall,4xF4ZBGPZKxECeDFrqSAG4,86,0.466,0.0918,10,-26.813,1,0.0269,0.929,0.803,0.439,0.0841,95.014,124066,4
199,Kendrick Lamar,Die Hard,2g6tReTlM2Akp41g0HaeXN,81,0.775,0.736,1,-8.072,0,0.247,0.319,0.00116,0.127,0.362,100.988,239027,4
200,Harry Styles,Daylight,51Zw1cKDgkad0CXv23HCMU,83,0.686,0.445,0,-7.189,1,0.0398,0.484,0.00144,0.175,0.626,145.5,164533,3
201,Pharrell Williams,Cash In Cash Out,3S68RFe1lsdCdTMPIMJM3X,78,0.877,0.56,7,-3.751,1,0.0596,0.00721,1.45e-06,0.0839,0.154,119.971,216136,4
202,La Adictiva,JGL,5kpxVMDvYGRmNqawPqDTYR,86,0.702,0.586,8,-5.317,1,0.118,0.55,0.0,0.27,0.965,112.852,158093,4
203,Peso Pluma,Siempre Pendientes,5PfFHceiEv61KldMOuVrv8,87,0.774,0.748,0,-7.086,1,0.0352,0.331,0.0057,0.126,0.714,135.929,186828,3
204,Kendrick Lamar,Rich Spirit,1QPreu0BNOrUfEb8HTd2qG,80,0.852,0.421,10,-9.153,0,0.208,0.428,2.28e-06,0.106,0.457,95.977,202285,4
205,The Weeknd,Out of Time,2SLwbpExuoBDZBpjfefCtV,83,0.65,0.76,0,-4.422,0,0.0446,0.255,0.0,0.339,0.838,93.057,214194,4
206,Eslabon Armado,HASTA LA MUERTE,3qAJAUr7yc9bPDx4ESt6ND,77,0.555,0.832,11,-3.691,1,0.0412,0.28,0.0,0.0894,0.43,170.124,209903,3
207,Bad Bunny,Un Ratito,5CzixCxDkRXX9mScCmah8O,86,0.787,0.546,0,-7.094,0,0.0532,0.305,4.55e-05,0.122,0.222,93.05,176936,4
208,NewJeans,Hype Boy,0a4MMyCrzT0En247IhqZbD,87,0.593,0.935,4,-3.43,0,0.225,0.268,0.0,0.286,0.783,99.976,179027,4
209,$uicideboy$,BUCKHEAD,5dol1hrERJOReznLRJ2VVQ,71,0.759,0.833,11,-5.01,1,0.0779,0.00026,0.0573,0.178,0.522,140.026,183919,4
210,$uicideboy$,Sorry for the Delay,49YpGS0rVcRLtiDvx5JQyp,71,0.787,0.889,2,-3.125,1,0.128,0.00951,0.000322,0.652,0.677,156.027,172400,4
211,Yeat,Flawlëss (feat. Lil Uzi Vert),1a019wP7IdYLexwbmfZPm3,78,0.474,0.805,1,-5.997,1,0.332,0.0715,0.0,0.147,0.109,131.001,176125,4
212,Lil Baby,Real Spill,4OkFBMU18NidtaefaTjUq1,78,0.776,0.557,2,-7.441,1,0.545,0.0496,0.0,0.112,0.284,156.978,198722,4
213,$uicideboy$,Champagne Face,1UsvO5U72YRU8Xnq8Lp14O,71,0.894,0.767,10,-4.695,0,0.137,0.0231,2.36e-05,0.574,0.412,144.077,140289,4
214,Juice WRLD,Cigarettes,1CfuBY3BDdKpooQ9L5zgUc,78,0.587,0.614,2,-6.344,1,0.0435,0.0306,0.0,0.399,0.451,160.075,227527,4
215,The Weeknd,Is There Someone Else?,0mL82sxCRjrs3br407IdJh,84,0.702,0.586,9,-7.83,0,0.0313,0.0388,7.27e-05,0.156,0.608,134.951,199111,4
216,Central Cee,Doja,3LtpKP5abr2qqjunvjlX5i,89,0.911,0.573,6,-7.43,1,0.288,0.38,0.0,0.403,0.972,140.04,97393,4
217,Corey Kent,Wild as Her,4RG7P0CXQ4pe0OeCAHjX5L,75,0.504,0.736,0,-6.079,1,0.0352,0.00216,0.0,0.129,0.46,148.014,199733,4
218,Junior H,Los Botones Azules,3ZGkdrigbWXLgHungXfZkt,85,0.784,0.737,5,-2.174,1,0.0758,0.0877,0.0,0.1,0.623,97.5,135612,3
219,Bailey Zimmerman,Where It Ends,7lNezbnIXBbgNmFOa9dt1c,76,0.431,0.837,9,-5.067,1,0.0432,0.259,0.0,0.0879,0.648,170.041,179294,4
220,Ski Mask The Slump God,OOGA BOOGA!,4gKWtJGlhxKKSyV65llt2G,77,0.847,0.916,1,-5.757,1,0.222,0.101,0.000766,0.118,0.751,104.018,139038,4
221,Ivan Cornejo,Está Dañado,0ciLo7Ntd7Gfc0rQRTgkSG,75,0.578,0.459,8,-11.938,1,0.041,0.501,1.86e-05,0.143,0.164,160.065,201195,3
222,Charlie Puth,Left and Right (Feat. Jung Kook of BTS),0mBP9X2gPCuapvpZ7TGDk3,87,0.881,0.592,2,-4.898,1,0.0324,0.619,1.32e-05,0.0901,0.719,101.058,154487,4
223,Harry Styles,Keep Driving,2NcQic8JxdjAlAHuNbOIRE,81,0.721,0.479,9,-9.669,1,0.226,0.321,0.00156,0.182,0.902,164.948,140242,3
224,A Boogie Wit da Hoodie,Water (Drowning Pt. 2) [feat. Kodak Black],6yDPFrHZLQbQa9Itd2J4Gp,76,0.855,0.603,0,-5.488,1,0.284,0.0392,0.0,0.105,0.494,129.976,206769,4
225,$uicideboy$,"My Swisher Sweet, But My Sig Sauer",4QlbH3QGLr13WeLUywH9DA,77,0.683,0.969,0,-3.29,1,0.171,0.000275,0.126,0.94,0.595,170.017,226932,4
226,Parker McCollum,Handle On You,6Qpfsw8OS5HW5XxgmXYLWS,75,0.588,0.931,6,-3.925,1,0.0318,0.00411,0.0,0.345,0.625,105.027,219333,4
227,$uicideboy$,The Serpent and the Rainbow,2CkpD7gqMXrrpTCJ9TZ0bw,70,0.78,0.78,0,-2.857,1,0.0858,0.00147,0.0,0.472,0.446,118.014,177290,4
228,Zach Bryan,The Good I'll Do,53zCCom4uEoIBaOAEJtjUL,75,0.434,0.215,10,-8.478,1,0.0417,0.82,0.0,0.456,0.187,118.152,211316,4
229,Lil Durk,Hanging With Wolves,1a7tOEheXeaSNathZW4Gzk,75,0.823,0.636,11,-7.239,0,0.0612,0.0168,0.0,0.108,0.5,151.978,205893,4
230,Bad Omens,Just Pretend,1H4Y9uW4N0LsxJUz0VnaPJ,78,0.457,0.834,5,-4.674,0,0.0817,0.00252,0.00125,0.1,0.201,140.032,204677,4
231,Lil Baby,Pop Out (feat. Nardo Wick),0VOMBffX1llDu37yQUt3u3,76,0.474,0.576,1,-6.963,1,0.257,0.00248,0.000309,0.174,0.285,157.947,195197,4
232,Drake,Sticky,4rmVZajAF7PkrCagGPHbqa,80,0.853,0.495,6,-14.63,1,0.14,0.0917,0.000217,0.0844,0.0774,137.027,243228,4
233,Rauw Alejandro,PUNTO 40,2TDyyEBasw10wu5Uh94bR1,88,0.873,0.826,0,-0.722,1,0.0876,0.00127,0.0361,0.311,0.201,106.972,190654,4
234,Lana Del Rey,Did you know that there's a tunnel under Ocean Blvd,5U1OEoEW4xnalSAToamwZL,82,0.431,0.34,0,-9.384,1,0.0311,0.794,0.0108,0.12,0.0529,119.877,285051,4
235,$uicideboy$,Center Core Never More,67IECOggWzBnCERhbOlTRp,69,0.655,0.782,8,-6.825,1,0.392,0.0105,0.00367,0.12,0.372,167.003,164723,4
236,MUPP,vendetta!,5Sk39LuvdwuvL84jD01Dum,84,0.706,0.91,1,-3.527,1,0.146,0.175,2e-06,0.11,0.667,126.007,107045,4
237,Bad Bunny,Un Coco,6VrQTLzzuyGIYjUDe4kAZk,87,0.839,0.69,11,-4.464,1,0.0615,0.207,8.33e-06,0.176,0.744,151.991,196413,4
238,JIN,The Astronaut,0h7QMc9ZRzA9QJrbEHytn2,89,0.54,0.761,5,-5.356,1,0.0311,0.00446,2.5e-06,0.137,0.215,124.988,282463,4
239,ROSALÍA,DESPECHÁ,5ildQOEKmJuWGl2vRkFdYc,91,0.919,0.623,7,-6.521,1,0.0992,0.184,1.63e-05,0.0609,0.775,130.037,157018,4
240,TWISTED,WORTH NOTHING - Fast & Furious: Drift Tape/Phonk Vol 1,5Zlb01Jcn0Ld49zazzZJSB,87,0.604,0.601,2,-7.887,0,0.0628,0.15,0.000579,0.168,0.156,139.88,164629,4
241,Metro Boomin,All The Money (with Gunna) [Bonus],4a1fh9vJMMoRjNrBmEWoM0,78,0.837,0.58,4,-6.932,0,0.0618,0.053,0.00276,0.699,0.262,111.981,167400,4
242,BLACKPINK,Shut Down,0ARKW62l9uWIDYMZTUmJHF,83,0.82,0.686,0,-5.102,1,0.038,0.00412,0.0,0.184,0.668,110.058,175889,3
243,Drake,I Guess It’s Fuck Me,31bsuKDOzFGzBAoXxtnAJm,78,0.385,0.34,7,-11.754,1,0.051,0.499,1.2e-05,0.196,0.0398,83.947,263988,4
244,Mac Miller,Love Lost,0N9C80kcgL0xXGduKnYKWi,80,0.735,0.812,2,-4.417,1,0.151,0.528,0.0,0.186,0.584,109.835,162876,4
245,Lauren Spencer Smith,Fingers Crossed,3yMC1KsTwh0ceXdIe4QQAQ,81,0.56,0.473,5,-7.23,1,0.0533,0.618,0.0,0.31,0.441,109.414,175345,4
246,Gunna,P power (feat. Drake),0lEjxUUlKqjqXrVlIHFduD,76,0.828,0.591,1,-6.217,1,0.109,0.0199,0.000323,0.361,0.202,119.251,193347,4
247,Dean Lewis,How Do I Say Goodbye,5hnGrTBaEsdukpDF6aZg8a,87,0.4,0.641,8,-6.303,1,0.0674,0.214,0.0,0.0656,0.393,81.552,163603,4
248,Jax,Victoria's Secret,4svaKoxMMP7ImmKrD5hfQu,79,0.586,0.556,6,-7.639,1,0.0592,0.00655,0.0,0.0836,0.517,167.018,176125,4
249,Pentatonix,Kid On Christmas (feat. Meghan Trainor),5glU2EWqa5hpYqGPboSNjV,78,0.419,0.817,2,-4.704,1,0.0468,0.0243,0.0,0.251,0.317,78.107,202600,4
250,Harry Styles,Little Freak,3i058E8uxTsYqJ5NWZzqSj,82,0.559,0.535,3,-7.723,1,0.039,0.719,0.000143,0.0954,0.402,141.96,202183,4
251,Jordan Davis,Next Thing You Know,2lNTHWu2I5Tcz9ukWsV5Jj,75,0.557,0.597,5,-8.296,1,0.048,0.646,0.0,0.0974,0.414,78.526,175238,4
252,Connor Price,Spinnin,5OzgCc3gQsqchX95k1C1Qa,81,0.765,0.572,11,-6.153,0,0.128,0.226,0.0,0.192,0.475,140.013,110938,4
253,YoungBoy Never Broke Again,Put It On Me,2FWeNvUo79OeiHWoR1bUsO,76,0.665,0.666,9,-7.009,1,0.429,0.0331,0.0,0.0841,0.844,164.205,152195,4
254,Rauw Alejandro,LOKERA,79HZAZNnOE97rb2hnI0XQr,88,0.834,0.828,11,-2.657,0,0.0452,0.21,5.91e-06,0.103,0.58,102.019,195294,4
255,beabadoobee,the perfect pair,41P6Tnd8KIHqON0QIydx6a,78,0.634,0.663,11,-6.818,1,0.0331,0.433,0.124,0.102,0.6,146.053,177533,4
256,Eden Muñoz,Chale,74WROFXsox6wkeUrEK2DS6,85,0.551,0.436,8,-8.029,1,0.0428,0.395,0.0,0.0719,0.862,188.651,170745,3
257,Grupo Marca Registrada,Si Fuera Fácil,7Jph6HJbfURt4Fea19IED3,84,0.794,0.677,10,-9.969,1,0.0713,0.446,0.0313,0.076,0.611,101.467,170496,3
258,Elton John,Hold Me Closer,72yP0DUlWPyH8P7IoxskwN,86,0.667,0.75,0,-4.602,1,0.0906,0.0746,0.000198,0.197,0.486,126.041,202246,4
259,Bad Bunny,Otro Atardecer,0E0DRHf5PfMeor0ZCwB3oT,84,0.777,0.595,2,-6.79,1,0.0375,0.59,0.00139,0.0669,0.546,108.02,244444,4
260,Gunna,pushin P (feat. Young Thug),3XOalgusokruzA5ZBA2Qcb,79,0.773,0.422,1,-4.572,0,0.187,0.00783,0.00693,0.129,0.488,77.502,136267,1
261,NewJeans,Attention,2pIUpMhHL6L9Z5lnKxJJr9,84,0.811,0.648,10,-3.684,0,0.0368,0.236,0.0,0.0761,0.695,104.988,180067,4
262,Kanye West,True Love,06JvOZ39sK8D8SqiqfaxDU,80,0.712,0.861,5,-5.487,0,0.25,0.0182,6.09e-06,0.511,0.388,84.042,148571,4
263,Lauren Spencer Smith,Flowers,6Z165JvPnS8PYvGW8oLGLc,79,0.684,0.449,3,-9.738,1,0.611,0.869,0.0,0.0881,0.341,66.165,157373,4
264,Noah Kahan,Homesick,0jkzxxDG8z3Y5OmfNl1VM0,75,0.503,0.643,6,-6.494,1,0.0407,0.0261,2.27e-05,0.314,0.43,169.955,194417,4
265,Lil Baby,Never Hating (feat. Young Thug),1Py8c3dkLF0YczcAyBFBEM,76,0.879,0.504,8,-8.284,1,0.271,0.0016,0.0,0.147,0.335,102.929,160777,4
266,Morgan Wallen,Don't Think Jesus,1TUuhV75FeOF6UObRsABo2,74,0.578,0.431,2,-7.034,1,0.0269,0.469,0.0,0.137,0.21,116.979,226975,3
267,IVE,After LIKE,2gYj9lubBorOPIVWsTXugG,86,0.68,0.922,0,-1.215,1,0.121,0.103,0.0,0.0877,0.799,125.014,176973,4
268,Yahritza Y Su Esencia,Inseparables,57GWBz1UtT6iei1jrbkovI,76,0.676,0.441,3,-6.929,1,0.0253,0.726,0.0,0.0884,0.515,140.091,171724,3
269,NLE Choppa,Capo,1vux5TJpXtc7tbjA1YODpp,77,0.614,0.953,2,-4.162,1,0.0688,0.119,0.0,0.331,0.593,154.969,192200,4
270,Metro Boomin,Lock On Me (with Travis Scott & Future),4yMMO2eoHklIieMg27MNzP,42,0.746,0.497,10,-8.313,1,0.227,0.511,2.2e-05,0.0988,0.169,93.971,174707,4
271,Metro Boomin,On Time - Instrumental,5JYitBgMG4W3QZEryix1yE,38,0.231,0.365,5,-10.919,0,0.0319,0.857,0.89,0.366,0.206,79.873,168920,4
272,Metro Boomin,Superhero (Heroes & Villains) - Instrumental,7wmi32Wz3IXXyCl60QZkTb,38,0.521,0.357,5,-9.744,0,0.0548,0.0215,0.922,0.126,0.451,116.68,182667,4
273,Metro Boomin,Too Many Nights - Instrumental,4ReJBi5fD6RiAQvknuRkqs,35,0.644,0.611,7,-6.642,0,0.0366,0.00347,0.915,0.105,0.339,175.995,199920,4
274,Metro Boomin,Raindrops (Insane) - Instrumental,0HvMsrPhaM9zGw5AK4Qyy2,33,0.81,0.424,5,-7.549,0,0.0427,0.0208,0.874,0.361,0.136,112.001,188587,4
275,Metro Boomin,Umbrella - Instrumental,5WSe7VER6G0htr4lEUbNl3,33,0.762,0.658,4,-4.927,0,0.0384,0.0041,0.677,0.356,0.209,110.975,222000,4
276,Metro Boomin,Trance - Instrumental,1xa6NUKXLGrUqJMSAfJVNg,32,0.87,0.307,1,-13.425,0,0.105,0.105,0.847,0.142,0.332,119.43,194787,4
277,Metro Boomin,I Can't Save You (Interlude) - Instrumental,1AQ372I62vOCD6cqqknVor,31,0.497,0.609,3,-6.092,0,0.035,0.000797,0.905,0.0856,0.323,142.992,90720,4
278,Metro Boomin,Metro Spider - Instrumental,5E4UiLDZ1XIWXzLNz2egNS,31,0.627,0.622,10,-9.968,0,0.0395,0.004,0.88,0.404,0.139,143.018,174560,4
279,Metro Boomin,Around Me - Instrumental,7DMHylrKhOTpUUzgeD98Vb,31,0.612,0.599,0,-5.045,0,0.0362,0.0124,0.804,0.365,0.0395,119.994,191520,4
280,Metro Boomin,Creepin' - Instrumental,5uYZnkDGu0yQtnE7Oy424p,31,0.669,0.338,1,-9.986,0,0.115,0.319,0.836,0.11,0.103,195.955,221520,4
281,Metro Boomin,Walk Em Down (Don't Kill Civilians) - Instrumental,2QLjrHA2TX5rf5WkuT8K6A,30,0.352,0.469,5,-11.446,0,0.0491,0.115,0.914,0.0808,0.045,161.431,310960,4
282,Metro Boomin,Niagara Falls (Foot or 2) - Instrumental,0aRwbu9pjWTtnE2Mpserjq,31,0.483,0.521,7,-7.335,0,0.0829,0.0429,0.703,0.128,0.114,87.422,207307,4
283,Metro Boomin,All The Money - Instrumental - Bonus,42GVN8dXATpZ6sancy8G5j,29,0.771,0.411,4,-8.799,0,0.0567,0.00149,0.917,0.71,0.261,111.93,167400,4
284,Metro Boomin,Feel The Fiyaaaah - Instrumental,4nGOqcmjNz0XGMh1S6Noxu,29,0.453,0.647,4,-9.115,1,0.07,0.00105,0.953,0.318,0.179,177.854,189427,3
285,Metro Boomin,Lock On Me - Instrumental,2ZxPeA5bF7iAA5VvLQ6zkq,28,0.472,0.38,10,-14.175,1,0.147,0.403,0.855,0.199,0.104,94.005,174707,4
286,Kylie Morgan,If He Wanted To He Would,3nei8eHEdiwwSfyoOCHPZI,74,0.655,0.617,0,-4.716,1,0.026,0.0998,0.0,0.211,0.734,90.015,174173,4
287,Selena Gomez,My Mind & Me,0XER3HPMx223xWaAgNKp4Y,83,0.6,0.389,9,-5.727,1,0.0337,0.566,0.0,0.0826,0.244,143.577,147597,4
288,Yeat,Talk,0oO1AbL92F6329z13C2qQH,77,0.698,0.763,4,-4.716,0,0.205,0.0873,0.0,0.647,0.252,139.939,174857,4
289,Ozuna,Hey Mor,1zsPaEkglFvxjAhrM8yhpr,91,0.901,0.589,1,-6.713,0,0.289,0.00302,0.000237,0.0992,0.399,98.002,196600,4
290,Joji,Feeling Like The End,1abwytAhbWeHrbsA9eODOy,80,0.794,0.668,2,-7.689,1,0.0646,0.299,0.00104,0.0899,0.632,148.016,102480,4
291,Zach Bryan,Heavy Eyes,2gJj6WtAxXjApMs3PXsCeX,74,0.471,0.912,5,-3.032,1,0.0724,0.032,0.0,0.343,0.613,139.667,190780,4
292,Mariah the Scientist,Spread Thin,4MbzauKV2ydtZZjLsPcuTF,75,0.621,0.411,6,-8.261,0,0.0333,0.0553,0.0,0.0816,0.357,110.113,202520,4
293,JID,Surround Sound (feat. 21 Savage & Baby Tate),1udwFobQ1JoOdWPQrp2b6u,76,0.575,0.56,5,-7.302,1,0.478,0.173,0.0,0.257,0.471,75.956,229938,4
294,(G)I-DLE,Nxde,6NnCWIWV740gP7DQ8kqdIE,86,0.726,0.91,4,-1.948,0,0.179,0.0413,7.81e-06,0.479,0.648,135.966,178453,4
295,Sabrina Carpenter,A Nonsense Christmas,7yogx3TwxGwSxO2QITsT2q,77,0.722,0.75,8,-4.051,1,0.0445,0.00768,0.0,0.128,0.57,139.019,153100,4
296,Lainey Wilson,Heart Like A Truck,5ZCjp56T8J6d7amJyFSzrI,74,0.587,0.632,9,-5.416,1,0.0311,0.148,1.01e-05,0.158,0.392,139.974,199040,4
297,Walker Hayes,Fancy Like,58UKC45GPNTflCN6nwCUeF,76,0.647,0.765,1,-6.459,1,0.06,0.111,0.0,0.315,0.855,79.994,161853,4
298,21 Savage,3AM on Glenwood,1MTXYvJ9TSqg9x6WPCDx2n,77,0.475,0.692,1,-8.327,1,0.398,0.0533,6.49e-06,0.18,0.241,181.167,178329,4
299,Conan Gray,Memories,5UXJzLFdBn6u9FJTCnoHrH,82,0.34,0.684,11,-6.306,1,0.044,0.00979,0.0,0.348,0.556,112.969,248819,4
300,charlieonnafriday,Enough,4vuVzf7BIZhDAFm3TB0Tzy,78,0.745,0.543,7,-8.137,1,0.0396,0.22,0.0,0.174,0.242,139.964,185267,4
301,Harry Styles,Love Of My Life,1mw0RgNXIpYRyyCdBQbLgA,81,0.555,0.536,7,-8.233,1,0.0452,0.669,0.0,0.0623,0.203,118.057,191638,4
302,BTS,Run BTS,69xohKu8C1fsflYAiSNbwM,87,0.724,0.818,8,-3.747,1,0.168,0.0201,0.0,0.0358,0.696,77.004,204940,4
303,IShowSpeed,World Cup,22TFAU0e7WHAQFGzwneu1e,82,0.41,0.82,1,-4.252,1,0.376,0.181,0.0,0.679,0.303,81.202,256706,3
304,Dxrk ダーク,RAVE,01kfSdF9zfcDLri5sSWEoL,85,0.716,0.748,8,-6.06,1,0.0356,0.235,0.849,0.114,0.338,119.918,169245,4
305,Grupo Marca Registrada,Puro Campeón,1kNC7b4zXbqoceKpkGdnD8,83,0.851,0.542,10,-8.152,1,0.122,0.361,3.73e-06,0.132,0.789,101.896,196437,4
306,A Boogie Wit da Hoodie,Last Time (feat. G Herbo),4bgfOF85wLRLtVtDeuwlNH,73,0.738,0.582,5,-7.196,0,0.167,0.423,0.0,0.117,0.696,97.025,179210,4
307,Bad Bunny,Yo No Soy Celoso,5kVZxyMY1gfdCLiChsfjn1,83,0.872,0.588,0,-6.276,1,0.0492,0.275,0.0,0.17,0.93,142.004,230704,4
308,Peezy,2 Million Up,5JS1gz9zP4GTy0LZYvSeUK,74,0.884,0.423,6,-10.181,0,0.275,0.115,0.0,0.0895,0.259,95.753,159973,4
309,Kodak Black,Super Gremlin,1Y5Jvi3eLi4Chwqch9GMem,74,0.825,0.414,2,-6.634,1,0.144,0.00265,0.0,0.357,0.106,72.993,200548,4
310,Benson Boone,In The Stars,1ei3hzQmrgealgRKFxIcWn,85,0.362,0.54,10,-6.031,1,0.0528,0.338,0.0,0.139,0.3,78.007,216410,3
311,Bad Bunny,Andrea,44XjoNvtwevktFKjvVe1vH,84,0.797,0.616,1,-10.229,0,0.375,0.762,0.000293,0.0979,0.451,103.071,339612,4
312,Harry Styles,Grapejuice,4j6kId9QIqhoXvqHKgSKa0,79,0.645,0.721,5,-4.394,1,0.0336,0.357,0.143,0.204,0.88,182.928,191959,4
313,hemlocke springs,girlfriend,0Dl965SLJGi9bB0SrvtPRx,76,0.763,0.759,11,-3.925,0,0.0906,0.218,4.24e-05,0.0724,0.964,146.006,133151,4
314,Gunna,Banking On Me,7Fege3yv4dvehB3NdRBGwI,76,0.793,0.308,0,-10.414,0,0.0466,0.613,1.68e-05,0.0953,0.46,135.143,200000,4
315,Shakira,Te Felicito,2rurDawMfoKP4uHyb2kJBt,89,0.695,0.636,5,-4.654,1,0.317,0.234,0.0,0.081,0.575,174.14,172235,4
316,Kendrick Lamar,Silent Hill,3lzUeaCbcCDB5IXYfqWRlF,76,0.907,0.577,1,-6.737,0,0.0767,0.438,3.19e-05,0.137,0.801,140.07,220779,4
317,Los Gemelos De Sinaloa,No Le Aflojo,7ifMxHITc3NIipJO4R5NGb,79,0.698,0.687,5,-4.115,0,0.0501,0.195,0.0,0.0829,0.773,116.765,202876,4
318,Eem Triplin,AWKWARD FREESTYLE,2ISyz9DRGEMrJN77ge3hi2,74,0.646,0.465,5,-10.486,0,0.436,0.152,0.0,0.194,0.198,157.919,127765,4
319,Hailey Whitters,Everything She Ain’t,3zAOcNGOFq5Q1OsN0tcxA0,73,0.796,0.621,2,-6.129,1,0.0346,0.175,0.0,0.274,0.808,121.904,151973,4
320,Lizzo,2 Be Loved (Am I Ready),2rmwqU7yzTvzkiaRV53DpT,82,0.721,0.769,7,-4.111,1,0.105,0.0922,0.0,0.0817,0.915,155.932,187108,4
321,Bad Bunny,El Apagón,0UvZcEfpzVyx47QsRbjyBz,81,0.629,0.698,8,-4.485,1,0.308,0.0509,0.00166,0.0909,0.599,117.765,201816,4
322,Jack Harlow,Dua Lipa,0LnS7aOdOdI1dNKZqdOLz4,77,0.833,0.652,11,-6.942,1,0.0762,0.00161,0.0985,0.106,0.405,158.022,135053,4
323,ERNEST,Flower Shops (feat. Morgan Wallen),0De9jFjJ4eRLl7Yww2eBw1,72,0.527,0.461,7,-5.908,1,0.0269,0.118,0.0,0.0831,0.227,128.153,214405,3
324,RAYE,Escapism. - Sped Up,4rPJSqrov3zqGwXlemLBMw,83,0.435,0.768,6,-5.352,0,0.201,0.0857,0.000231,0.0918,0.378,107.588,239888,4
325,Montell Fish,Hotel,0JzG1wJuB4v9UPkSE7LMXi,79,0.228,0.427,0,-8.739,0,0.0363,0.752,0.0167,0.592,0.192,180.345,197333,4
326,Suki Waterhouse,Good Looking,0j3mqDTK4Z6lvrLzFCUUz6,78,0.364,0.554,4,-9.076,1,0.0301,0.077,0.000297,0.125,0.257,150.079,214800,3
327,Jhayco,En La De Ella,5NxhMcHSVY3Z7ykWxZf3aj,86,0.816,0.77,1,-5.477,1,0.0538,0.0798,0.0,0.118,0.671,96.99,230653,4
328,Montell Fish,Fall in Love with You.,4kJT7Yj6Za01KfKHjb7mZE,78,0.538,0.0203,4,-23.163,1,0.0437,0.92,0.019,0.104,0.103,121.447,132000,3
329,Conan Gray,Family Line,0iNZGC211wst3VjtobNnC5,80,0.326,0.397,6,-8.145,1,0.0461,0.619,0.0,0.0979,0.276,153.713,216095,3
330,Stephen Sanchez,Until I Found You,6VhuP99TE6gYNQRJIlAWFD,84,0.346,0.5,10,-6.097,1,0.0388,0.757,0.0,0.189,0.191,202.466,176667,3
331,Isabel LaRosa,i'm yours sped up,4sFGNz4MYpGoz53ZGCwsiE,83,0.39,0.752,7,-7.581,0,0.19,0.108,0.00308,0.555,0.637,128.926,127781,1
332,Bad Bunny,Un Verano Sin Ti,18HOjcvTVV7W8YzBuOsAPS,83,0.503,0.496,5,-9.123,0,0.0556,0.693,0.0,0.123,0.412,187.844,148143,4
333,Lil Baby,Forever (feat. Fridayy),1T4k0sw0HldDg004Kw4Oct,76,0.462,0.251,4,-12.072,0,0.159,0.414,0.0,0.201,0.137,89.705,167977,3
334,A Boogie Wit da Hoodie,Money Conversations,6ZGJxCrdcILAro3kM3wvRA,71,0.718,0.741,4,-5.335,0,0.29,0.0473,0.0,0.0563,0.365,174.107,191861,4
335,Em Beihold,Numb Little Bug,3o9kpgkIcffx0iSwxhuNI2,77,0.742,0.527,8,-6.892,0,0.0769,0.327,0.0,0.25,0.638,84.974,169238,4
336,Connor Price,Violet,3zb9k8UUuKz5tYmKJvNqQA,79,0.924,0.716,8,-7.158,0,0.0541,0.0177,1.15e-06,0.128,0.48,119.973,122880,4
337,Destroy Lonely,NOSTYLIST,42tD9J0KCPFSc1d2hFTvAf,76,0.567,0.773,11,-5.166,0,0.0775,0.0396,0.0,0.111,0.496,160.08,180000,4
338,TWICE,Talk that Talk,0RDqNCRBGrSegk16Avfzuq,83,0.772,0.907,3,-2.438,0,0.124,0.136,0.0,0.334,0.783,119.973,177467,4
339,Moneybagg Yo,Quickie,3084aAzars6DR26nCWO9Ep,74,0.87,0.506,2,-9.415,1,0.432,0.0901,0.0,0.145,0.347,137.921,187826,4
340,Mitchell Tenpenny,We Got History,6Awl7JBDQjfm7xkS3LkhDi,73,0.628,0.833,0,-6.327,1,0.0311,0.0014,0.0,0.104,0.309,98.025,203680,4
341,Nas,"One Mic, One Gun",7CpXFEjLntpr4GdOhTtFEv,76,0.756,0.916,1,-2.692,1,0.207,0.0351,0.0,0.241,0.458,149.961,169693,4
342,Saint Levant,Very Few Friends,2L0PRavRIQIjVcZK4Qgfgi,81,0.777,0.469,6,-8.344,0,0.163,0.162,0.00239,0.108,0.557,136.05,132500,4
343,Bad Bunny,Dos Mil 16,4d4ZXH4dr5bYfgErHiZCX2,85,0.817,0.67,1,-6.534,1,0.0506,0.123,1.92e-06,0.128,0.495,130.058,208615,3
344,Los Gemelos De Sinaloa,Andamos Mejor,3K56RPWS4q200IwHiIZcUD,79,0.855,0.59,9,-8.55,1,0.0751,0.28,0.0982,0.149,0.283,110.016,137184,4
345,Carin Leon,No Es Por Acá,3bvJftZKZe5QKz433NczyV,84,0.746,0.37,2,-6.309,1,0.0306,0.456,0.0,0.106,0.595,97.568,167692,3
346,Luis R Conriquez,El Gavilán,4ygQ5wSuzzNRevVjup1qV2,84,0.724,0.684,11,-4.413,1,0.0705,0.144,0.0035,0.302,0.729,144.117,175296,3
347,Conan Gray,People Watching,3TFoEJe5zNuHZStRboWPxg,79,0.53,0.592,5,-7.281,1,0.0534,0.381,0.0,0.294,0.544,125.721,158537,4
348,Lil Durk,What Happened To Virgil (feat. Gunna),7ohROa13QK43JBRqfCmz4P,75,0.795,0.526,6,-9.086,0,0.204,0.067,2e-06,0.134,0.194,140.037,181393,4
349,Joji,1AM FREESTYLE,0FqBNLXlTNimxmVRdDMj6b,78,0.615,0.541,0,-6.307,0,0.0263,0.748,0.00268,0.12,0.124,126.049,113067,4
350,Leah Kate,10 Things I Hate About You,6Jkm5kUldvIqxzI1Pa7nXH,78,0.544,0.786,8,-2.97,1,0.0501,0.00991,0.0,0.169,0.446,153.967,157138,4
351,Young Dolph,Get Away,65nmqAEqW7CJIkXOIkxyg8,73,0.839,0.642,1,-5.581,1,0.0535,0.0431,6.76e-05,0.148,0.211,140.078,180760,4
352,Hotel Ugly,Shut up My Moms Calling - (Sped Up),31mzt4ZV8C0f52pIz1NSwd,80,0.653,0.474,5,-10.899,0,0.103,0.312,6.65e-06,0.119,0.361,85.024,135529,4
353,Foudeqush,Con La Brisa,2LSsSV7V33wM9EKQA2xjGS,82,0.608,0.429,2,-10.336,0,0.0316,0.47,0.245,0.129,0.242,113.818,167387,4
354,Harry Styles,Daydreaming,69w5X6uTrOaWM32IetSzvO,79,0.707,0.811,4,-5.298,0,0.0304,0.311,0.0152,0.131,0.899,113.971,187342,4
355,Sia,Snowman - Sped Up Version,3BwbSLW4YtIGkhCNFsHu52,76,0.764,0.417,4,-9.16,1,0.0461,0.292,0.0,0.0832,0.575,126.004,137578,3
356,Alec Benjamin,Devil Doesn’t Bargain,1zu2GKHPJIsUu80SUJX4H4,79,0.448,0.606,3,-4.565,1,0.0609,0.577,0.0,0.217,0.483,121.15,163613,4
357,Juice WRLD,Already Dead,1hB3M3POeKMLxcEFEvPeqU,76,0.744,0.495,1,-6.311,1,0.0634,0.0216,0.0,0.111,0.128,83.51,231221,4
358,Xavier Wulf,First Light,7AUHZBFJ5c7fiLhl0I9r5S,74,0.654,0.822,4,-6.065,0,0.146,0.0509,0.0,0.118,0.309,175.913,131181,4
359,Noah Kahan,All My Love,7ByxizhA4GgEf7Sxomxhze,72,0.637,0.651,2,-7.089,1,0.0521,0.32,0.0,0.0938,0.485,115.926,251511,4
360,Justin Bieber,Intentions,6MlmHHUCDBiNYiNKkfp2k9,0,0.813,0.554,9,-6.631,1,0.0544,0.315,0.0,0.105,0.86,148.011,212869,4
361,Justin Bieber,Mistletoe,7DebRnGPK6BlVcWBGZJvxr,0,0.623,0.668,6,-7.282,0,0.0531,0.475,0.0,0.0862,0.823,161.948,183067,4
362,Justin Bieber,Sorry,2SP0MnpRU9bBu5xV6oxr1N,1,0.679,0.748,0,-3.624,0,0.0385,0.0878,0.0,0.299,0.438,100.035,200787,4
363,Justin Bieber,Anyone,5HhCamhyAsrMsUWzIT8rvl,0,0.686,0.538,2,-8.026,1,0.0345,0.181,3.13e-06,0.113,0.584,115.884,190779,4
364,Justin Bieber,Silent Night,4BxY3KnJayVxZs86ZIxZhe,0,0.263,0.0346,3,-18.395,1,0.0409,0.958,0.0,0.115,0.171,80.273,169427,4
365,Justin Bieber,Honest,3GWOBSnoLjZw4mjZKCdN73,1,0.81,0.655,8,-6.779,0,0.0698,0.127,8.16e-05,0.105,0.809,150.002,193322,4
366,Justin Bieber,Baby,0YvrnClkkhVnLsSqHonJRy,2,0.731,0.842,5,-5.358,0,0.113,0.0457,0.0,0.0988,0.473,65.027,216613,4
367,Justin Bieber,Yummy,3s4g9Ypov4bihhf13Kx9VC,1,0.677,0.506,9,-6.652,0,0.0964,0.345,0.0,0.118,0.497,145.843,208520,4
368,Justin Bieber,Ghost,5ymc1cZ3gt6GHeAR1NEBfm,0,0.604,0.741,2,-5.571,1,0.0475,0.178,3.49e-05,0.409,0.473,153.947,153190,4
369,Justin Bieber,Hailey,6YnUN5UGMBw9TOMDpiB4HD,2,0.462,0.745,0,-6.588,0,0.0699,0.0367,0.0,0.0795,0.254,100.042,193355,4
370,Justin Bieber,Love Yourself,4gnPbCfXihSofFUtZrinkK,0,0.759,0.401,4,-8.999,1,0.259,0.86,0.0,0.299,0.576,100.126,232627,4
371,Justin Bieber,All That Matters - Single Version,7tPIatXnHIP1YFyIrQ28tm,0,0.696,0.51,1,-5.513,0,0.0445,0.00462,0.0,0.0577,0.157,129.732,191061,4
372,Justin Bieber,Lonely,7g6a6BzowDu9P2Nde6hRmf,1,0.619,0.241,11,-7.102,0,0.046,0.9,0.0,0.116,0.0719,79.461,149190,4
373,Maddie & Tae,Every Night Every Morning,4qbibbQ1yK0rPl0JUJS0bz,73,0.618,0.75,7,-4.608,1,0.0287,0.00799,0.0,0.141,0.619,123.885,196890,4
374,Beyoncé,ALIEN SUPERSTAR,1Hohk6AufHZOrrhMXZppax,80,0.545,0.641,10,-6.398,0,0.0998,0.00453,6.59e-05,0.171,0.464,121.892,215460,4
375,Billie Eilish,The 30th,5SHpuW2qjkQtFRpE6P9Nks,79,0.387,0.135,7,-14.398,1,0.051,0.929,0.0,0.0948,0.21,82.987,216448,4
376,Lil Tjay,Beat the Odds,2BJWxD8xKrDv8vneTvTIm9,77,0.498,0.625,8,-7.452,0,0.342,0.054,0.0,0.175,0.478,84.821,150000,4
377,BoyWithUke,Sick of U (with Oliver Tree),5IXdkgrT4lb9sKIb8tbOQ3,79,0.676,0.814,0,-3.213,1,0.0585,0.277,0.0,0.0953,0.601,92.554,168676,4
378,Lil Durk,Broadway Girls (feat. Morgan Wallen),7qTaDOcld0VmBWXnkbUj45,72,0.659,0.745,10,-3.599,1,0.0347,0.0417,0.0,0.296,0.54,74.967,185600,4
379,Måneskin,THE LONELIEST,1Ame8XTX6QHY0l0ahqUhgv,87,0.519,0.595,2,-5.001,1,0.0283,0.00151,0.0,0.0762,0.237,129.786,247067,4
380,DJ Khaled,STAYING ALIVE (feat. Drake & Lil Baby),0g2Bbgy7P41pFjMWJuzsf4,77,0.718,0.461,4,-7.676,0,0.0797,0.068,0.0,0.283,0.181,129.953,178176,4
381,Kodak Black,Love & War,293mQGfVwgXIOdA1GpiwAt,74,0.762,0.649,11,-5.624,0,0.0527,0.58,1.7e-05,0.0971,0.501,145.09,239146,4
382,Justin Bieber,Fa La La - A Cappella,1LHQX72ZqsDeyH3HOaeexm,11,0.61,0.208,3,-11.879,1,0.0319,0.846,0.0,0.152,0.686,94.525,175213,4
383,Roddy Ricch,Twin (feat. Lil Durk),5B40Td13cDQ4adeAiLf8Z4,75,0.785,0.609,11,-8.623,0,0.186,0.031,5.47e-05,0.096,0.326,83.962,148855,4
384,Tyler Childers,Way of the Triune God - Hallelujah Version,2BJy4svtrGACqRB5BFLOK6,72,0.696,0.583,10,-6.384,1,0.0307,0.629,0.0,0.123,0.543,79.057,208813,4
385,Ivan Cornejo,La Última Vez - Deluxe,1XX3sKKZN3DfWeFpMAc2WX,72,0.523,0.457,2,-8.213,0,0.0296,0.622,0.0,0.108,0.32,141.922,252166,3
386,Eliza Rose,B.O.T.A. (Baddest Of Them All) - Edit,39JofJHEtg8I4fSyo7Imft,86,0.736,0.906,0,-7.589,1,0.048,0.164,0.585,0.106,0.698,137.001,226627,4
387,Becky G,MAMIII,1ri9ZUkBJVFUdgwzCnfcYs,83,0.843,0.7,4,-3.563,0,0.0803,0.0934,0.0,0.14,0.899,93.991,226088,4
388,Stray Kids,CASE 143,3O8G8eVrhfXTGttyQ1xVuq,82,0.812,0.89,6,-2.661,0,0.209,0.0961,0.0,0.0222,0.69,100.006,191965,4
389,The Weeknd,Less Than Zero,2D4dV2KXDTszzJ3p3cFqhA,80,0.535,0.791,0,-5.55,1,0.0327,0.00096,0.000155,0.0788,0.5,142.981,211814,4
390,Chelsea Cutler,Men On The Moon,164LL9rTyEZ6DF0KMgXxsJ,76,0.552,0.517,8,-7.906,1,0.0245,0.0211,0.00612,0.152,0.105,79.512,220798,4
391,Ice Spice,Munch (Feelin’ U),1jOgJN75btuUONIdf57vHz,76,0.811,0.528,11,-7.278,0,0.275,0.291,0.0,0.0787,0.635,166.084,104819,4
392,Junior H,Vamos Para Arriba,7cZoAjj5vufdREBJZGW2lH,82,0.699,0.51,5,-7.153,0,0.0352,0.498,0.0,0.22,0.625,98.07,172227,3
393,Chris Lane,Dancin' In The Moonlight (feat. Lauren Alaina),0pnKcAh5binHOP9HexWwnZ,73,0.589,0.829,8,-4.861,0,0.0332,0.0196,0.0,0.128,0.563,121.998,199000,4
394,Tate McRae,uh oh,6qmvAJSUfVGMubvI2awW7p,78,0.625,0.604,10,-7.415,0,0.339,0.257,2.06e-05,0.129,0.372,174.089,169722,4
395,Noah Kahan,Northern Attitude,4O2rRsoSPb5aN7N3tG6Y3v,73,0.512,0.636,3,-8.087,1,0.0469,0.113,3.8e-05,0.104,0.312,121.431,267256,4
396,Dustin Lynch,Thinking 'Bout You (feat. MacKenzie Porter),4wBjKhJx6JnGoNJfJs24pd,73,0.403,0.711,8,-4.189,1,0.0569,0.137,0.0,0.109,0.801,203.803,170560,4
397,Grupo Firme,Calidad,0uBcoM4zxRXk7kmsmxoiFS,85,0.731,0.491,0,-3.116,1,0.029,0.609,0.0,0.262,0.781,132.891,170053,3
398,Rod Wave,Alone,5ie5OPdaP9fivYaKcjwKF1,72,0.596,0.545,3,-6.911,0,0.0368,0.703,0.0,0.0811,0.0923,82.07,191159,4
399,HARDY,TRUCK BED,73NzYbpaYvQ7JfpjztFESL,72,0.662,0.77,0,-4.887,1,0.0367,0.0875,0.0,0.35,0.769,132.057,167535,4
400,Juice WRLD,Sometimes,3i6sCTU7ENlnHpHvrHUitW,74,0.674,0.58,8,-4.866,1,0.0311,0.0609,0.0,0.159,0.0759,121.987,259672,4
401,Cardi B,Hot Shit (feat. Ye & Lil Durk),3uJFmluXzYedoJcvhpC1AW,75,0.878,0.685,9,-5.28,1,0.225,0.00152,0.0,0.0753,0.523,157.003,211649,4
402,Lil Tjay,Give You What You Want,6PQK1Y3Dl6dym9pj0y9Chy,77,0.691,0.656,10,-5.673,0,0.0679,0.222,0.00111,0.153,0.393,89.467,159331,4
403,Stephen Dawes,Teenage Dream,3Y2MvObZdPakD1X71KOxCD,82,0.615,0.361,10,-9.57,1,0.028,0.38,0.0,0.0844,0.244,111.991,177857,4
404,ZHANGYE,Own Way (feat. Janieck),0tkKHC24Rt6FRRBQO0tobO,71,0.773,0.666,9,-5.72,0,0.0565,0.054,8.49e-06,0.329,0.557,121.982,154652,4
405,Oliver Tree,Miss You - Sped Up Version,4pH8cIlMI9NrTWcDiQbuRe,83,0.527,0.66,0,-10.692,1,0.0877,0.0141,0.0185,0.156,0.283,173.979,171702,4
406,Lil Uzi Vert,FOR FUN,60PTOzcoFycWBICdumIsFQ,72,0.775,0.461,7,-6.594,0,0.124,0.157,0.0,0.0687,0.131,134.028,188060,4
407,Ed Sheeran,Bad Habits,7wmnwQpjDRnu1RykGePZMe,14,0.807,0.893,11,-3.745,0,0.0347,0.0451,2.79e-05,0.366,0.537,126.011,230747,4
408,Ed Sheeran,Shivers,4akQJU8aVPtawK4NpKCVWK,4,0.788,0.859,2,-2.724,1,0.0856,0.281,0.0,0.0424,0.822,141.02,207853,4
409,Ed Sheeran,2step,1o4wc7Lu61lLqVgUtdKwcE,0,0.693,0.643,4,-5.867,0,0.0828,0.138,0.0,0.108,0.477,95.055,163450,4
410,Ed Sheeran,Bad Habits - Joel Corry Remix,5zDx7kWRWB5rmL6zwMBSSg,2,0.768,0.935,11,-4.902,0,0.0598,0.0488,0.00117,0.339,0.8,125.971,189577,4
411,Ed Sheeran,The Joker and the Queen,1FKp7ehERBw8KkgrOlEWDl,0,0.567,0.211,0,-9.975,1,0.0315,0.952,5.24e-05,0.275,0.289,134.019,185587,4
412,Ed Sheeran,Perfect,3y4c6gJV4qKPRrOFSFj10h,2,0.598,0.448,8,-6.312,1,0.0232,0.162,0.0,0.106,0.168,95.009,263400,3
413,Ed Sheeran,Grade 8,6htYfhPJgbIS2xV6zAOm37,0,0.74,0.805,0,-9.978,0,0.0363,0.0452,3.99e-05,0.0538,0.778,101.042,179880,4
414,Ed Sheeran,Overpass Graffiti,66eO90N0vDCiHRTMoG1O76,1,0.52,0.849,9,-3.794,0,0.186,0.00253,0.0,0.119,0.774,175.908,236907,4
415,The Kid LAROI,Thousand Miles,1r8ZCjfrQxoy2wVaBUbpwg,80,0.376,0.657,7,-4.658,1,0.0768,0.0858,0.0,0.0884,0.203,80.565,164782,4
416,Joji,NIGHT RIDER,1c39AwcrkN9srI7Az5662I,77,0.768,0.754,8,-6.713,1,0.141,0.617,0.919,0.11,0.0388,85.016,127987,4
417,Bad Bunny,Aguacero,2uflssWlCaJ6CbTMOsUpNI,82,0.861,0.645,6,-6.96,0,0.0743,0.423,0.000592,0.349,0.668,121.391,210989,5
418,Cris Mj,Una Noche en Medellín,1O2pcBJGej0pmH2Y9XZMs6,87,0.87,0.548,10,-5.253,0,0.077,0.0924,4.6e-05,0.0534,0.832,96.018,153750,4
419,Daddy Yankee,X ÚLTIMA VEZ,48AJSd42lXpicsGqcgopof,84,0.812,0.855,7,-3.725,1,0.0554,0.0789,0.000167,0.108,0.573,90.04,192477,4
420,SleazyWorld Go,Sleazy Flow (with Lil Baby) - Remix,5cx7vkF8BQ0iOsVpfvZbnz,73,0.869,0.298,2,-12.076,1,0.386,0.2,0.0,0.0753,0.178,77.47,161355,4
421,Feid,Nuestra Canción,3hvNfDPcrsxO5u5wJlhliF,2,0.801,0.702,9,-4.952,1,0.37,0.49,1.86e-06,0.269,0.524,99.043,182373,4
422,Feid,CHIMBITA,4KVbrDOlSTnHRCWK4qDIny,3,0.683,0.673,1,-4.434,0,0.2,0.14,1.02e-06,0.109,0.507,185.942,156533,4
423,Feid,Sígueme - Remix,2010FhxBBb9bBA6le4rO59,4,0.685,0.515,1,-5.662,0,0.241,0.62,6.07e-05,0.107,0.664,86.492,201813,4
424,Feid,BORRAXXA,7LAFQZHE8NnUtfjqwUywKT,4,0.854,0.617,8,-5.251,1,0.0822,0.104,0.00207,0.0862,0.794,90.993,223480,4
425,Feid,dembowpopsexyTROPICAL,7FM10SXwuciH2Ck1vBM8bQ,2,0.635,0.506,5,-11.272,1,0.442,0.906,0.0,0.337,0.416,87.888,68693,4
426,Feid,FRESH KERIAS,5odLFeg9cnvJ30RFCSeoDm,0,0.741,0.582,8,-4.445,1,0.281,0.291,0.000101,0.152,0.713,186.096,272800,4
427,Feid,PORFA - Remix,0ywwHJp0cmyBEvwogu3nM6,0,0.793,0.737,6,-4.731,0,0.0785,0.0765,0.0,0.0747,0.697,167.969,333800,4
428,Sarah Connor,Ring Out The Bells,03qftRowv8aPZnNZbILxUR,79,0.673,0.813,0,-4.082,1,0.046,0.0224,0.0,0.0608,0.771,139.996,239707,4
429,Gorillaz,New Gold (feat. Tame Impala and Bootie Brown),64dLd6rVqDLtkXFYrEUHIU,78,0.695,0.923,1,-3.93,0,0.0522,0.0425,0.0469,0.116,0.551,108.014,215150,3
430,Caylee Hammack,Christmas (Baby Please Come Home),54H84HFq1hUDEOcYxbTjrL,73,0.3,0.91,3,-2.002,1,0.0533,0.00407,0.0,0.0819,0.585,132.242,162840,4
431,$uicideboy$,Genesis,2UbMJbQq6G0TJnmnubgolV,73,0.55,0.762,0,-7.861,1,0.32,0.0109,0.00179,0.398,0.347,200.211,162138,4
432,Ivan Cornejo,Tatuajes - Deluxe,2b4YJ0j60w3YPIFot0oodu,71,0.621,0.256,5,-11.78,1,0.0282,0.844,0.000352,0.138,0.205,130.123,198000,4
433,Zach Bryan,From Austin,6k07Z7rd9og1FvRJD2n9E8,72,0.5,0.485,0,-7.94,1,0.0422,0.633,1.26e-06,0.107,0.379,109.755,207453,4
434,Zach Bryan,Fifth of May,1wLNEMiUzwvRZz9XHCXhAE,72,0.596,0.544,4,-7.039,1,0.0341,0.391,3.06e-06,0.129,0.707,136.728,178151,4
435,Hitkidd,F.N.F. (Let's Go),1vrFJDrysqmsNAgyjBzx4f,72,0.864,0.476,1,-10.068,1,0.436,0.0374,0.0,0.374,0.647,157.144,137580,4
436,Kodak Black,Walk,3wspfG772mi1c25JpnNOVP,73,0.817,0.512,8,-6.943,1,0.0984,0.037,0.0,0.216,0.17,130.04,166039,4
437,Dove Cameron,Breakfast,6GUiIbJ834FcHewby3PwV0,78,0.64,0.553,2,-6.42,0,0.0411,0.0579,0.0,0.0914,0.486,81.992,148471,4
438,A Boogie Wit da Hoodie,Food for Thought,0ME6qQMqw42Rg4EJzJMXBD,69,0.437,0.694,5,-6.942,0,0.177,0.0989,0.0,0.23,0.107,90.562,174218,4
439,Joji,YUKON (INTERLUDE),5IPl8JpkbtSH1mdyq5ctSx,77,0.736,0.71,6,-8.497,0,0.091,0.383,0.0351,0.395,0.0728,82.482,141093,4
440,Ivan Cornejo,Ya Te Perdí - Deluxe,4Nvm7kFymlxLeF5Qd69nuB,72,0.55,0.352,8,-9.236,1,0.0272,0.469,7.48e-05,0.119,0.169,123.794,264300,4
441,Harry Styles,Cinema,35TyJIMR3xRouUuo2sjS6v,79,0.829,0.644,9,-7.696,0,0.0427,0.354,0.0511,0.0944,0.896,105.993,243508,4
442,Moneybagg Yo,Blow,2g3qKijfeHfDyM7Fmaoi5M,73,0.815,0.742,11,-4.896,0,0.245,0.0579,0.0,0.345,0.584,137.036,182533,4
443,$uicideboy$,Fucking Your Culture,2gkVweydDn7MmHmqXAlEzk,73,0.752,0.807,11,-4.386,1,0.172,0.0146,0.000376,0.8,0.442,87.507,195994,4
444,Ivan Cornejo,Perro Abandonado,4ixwxIXEFw0Jf5nY0Leipd,72,0.561,0.635,11,-8.668,0,0.0345,0.492,1.27e-06,0.0945,0.4,147.094,211199,3
445,Lewis Capaldi,Pointless,4JBiO7wRnE6ueszEUpo347,83,0.325,0.59,4,-3.943,1,0.0495,0.0686,0.0,0.104,0.278,180.449,235752,3
446,Hailee Steinfeld,Coast (feat. Anderson .Paak),1l4iQsOZ5sOXZPMQLvouaB,78,0.701,0.875,11,-4.1,1,0.0757,0.0262,7.32e-06,0.137,0.84,111.976,166720,4
447,Charlie Puth,Light Switch,1jEBSDN5vYViJQr78W7jr2,82,0.689,0.627,6,-5.692,1,0.308,0.105,0.000321,0.0905,0.905,184.008,187704,4
448,Kendrick Lamar,Father Time (feat. Sampha),28qA8y1sz0FTuSapsCxNOG,76,0.514,0.779,10,-4.365,0,0.344,0.181,0.0,0.099,0.517,152.869,222497,4
449,Bad Bunny,Enséñame a Bailar,2NMjggapJcXXM7WccGEBUO,83,0.81,0.789,8,-5.08,1,0.0846,0.191,1.08e-05,0.467,0.77,105.009,176000,4
450,Polo G,Distraction,1oc92BMKYkNxK17C2GtyRM,74,0.713,0.689,11,-5.99,1,0.255,0.16,0.0,0.136,0.63,156.934,171319,4
451,IVE,LOVE DIVE,0Q5VnK2DYzRyfqQRJuUtvi,83,0.703,0.709,1,-4.169,0,0.0433,0.00379,5.43e-05,0.333,0.538,117.941,177187,4
452,Brent Faiyaz,"GRAVITY (FEAT. TYLER, THE CREATOR)",3zakx7RAwdkUQlOoQ7SJRt,74,0.541,0.619,1,-8.746,0,0.254,0.167,0.00633,0.144,0.491,163.908,214693,4
453,Lewis Capaldi,Forget Me,5uSFGgIfHMT3osrAd9n9ym,86,0.669,0.742,1,-3.518,0,0.0441,0.296,0.0,0.355,0.716,101.982,203472,4
454,Chris Jedi,La Llevo Al Cielo (Ft. Ñengo Flow),6DoL1yYIwEW7VZMRaJhoJI,85,0.795,0.845,9,-3.809,0,0.135,0.105,1.14e-05,0.172,0.769,170.023,254920,4
455,Yeat,Poppin,3wn8nOygkHLUQ9dlXM1rKW,74,0.705,0.613,7,-7.441,1,0.123,0.262,6.97e-06,0.198,0.259,74.521,167187,4
456,Lil Peep,nuts,11k8KTbNeG9iabeNXMuwf0,76,0.51,0.739,2,-7.41,1,0.0415,0.00872,0.0,0.111,0.148,62.007,85360,4
457,Swedish House Mafia,Moth To A Flame (with The Weeknd),0VO8gYVDSwM1Qdd2GsMoYK,83,0.553,0.659,8,-7.295,1,0.0391,0.0027,0.0,0.105,0.105,120.146,234000,4
458,Lil Baby,Heyy,6qzBOV7lg2pnYm1tIvjxo3,72,0.494,0.667,7,-4.632,1,0.263,0.00299,0.0,0.0815,0.179,88.028,192727,5
459,BLACKPINK,Typa Girl,0L8LOav65XwLjCLS11gNPD,80,0.915,0.621,7,-6.519,1,0.1,0.0745,0.0,0.628,0.527,131.984,179173,4
460,Fetty Wap,Sweet Yamz,62oqxoJQYPCyjZ2ChH7foI,73,0.629,0.692,6,-3.332,1,0.0678,0.173,0.0,0.0675,0.737,154.211,105195,4
461,A Boogie Wit da Hoodie,B.R.O. (Better Ride Out) [feat. Roddy Ricch],7Gte9xFdlHkyBMmpRNUyP8,68,0.474,0.735,2,-7.427,0,0.313,0.115,0.0,0.0696,0.284,93.702,178041,4
462,Steve Lacy,Bad Habit - Sped Up,4i7HqWsN7iJzsXpsW5h1nb,79,0.709,0.679,9,-4.828,1,0.0588,0.808,4.61e-05,0.428,0.852,102.653,191336,4
463,Bad Bunny,Agosto,0wihfILRNOwE2156Shezc8,82,0.849,0.584,1,-8.195,0,0.115,0.0929,6.18e-06,0.492,0.724,115.018,139041,4
464,Grupo Marca Registrada,Solo Me Dejaste,0OLLsFyVPrjI3iL03lDFXk,79,0.609,0.515,7,-9.843,0,0.0486,0.539,0.0839,0.0722,0.853,152.787,186709,3
465,Kendrick Lamar,Count Me Out,6BU1RZexmvJcBjgagVVt3M,76,0.776,0.431,4,-7.544,0,0.091,0.671,0.0,0.153,0.495,133.999,283642,4
466,Joji,Before The Day Is Over,7zBscbZUCr4jEABrfV9g03,77,0.393,0.305,9,-11.372,1,0.0461,0.765,0.00146,0.092,0.15,160.075,213707,4
467,Christian Nodal,Ya No Somos Ni Seremos,0UXlu64mDLvfzR8IXMz06J,84,0.588,0.452,7,-4.75,1,0.0268,0.437,0.0,0.344,0.734,139.953,185723,4
468,A Boogie Wit da Hoodie,Turn Off The Radio,1Jm9YFU7BLkDR2dSOb8ebB,68,0.689,0.569,8,-6.619,0,0.205,0.0409,1.94e-06,0.112,0.191,95.066,185201,4
469,A Boogie Wit da Hoodie,Take Shots (feat. Tory Lanez),5nxhDtvCLbu7ulmDpJDj3h,68,0.63,0.505,10,-4.923,0,0.244,0.0331,0.0,0.0713,0.578,92.537,281985,4
470,Noah Kahan,Growing Sideways,1JcIXOir94YUYBt2cXTzn2,72,0.665,0.296,7,-8.64,1,0.0276,0.744,0.0,0.0922,0.539,89.142,255144,4
471,Ashley Cooke,Never Til Now (feat. Brett Young),4232gJU5ljjFmKaPh0cKds,72,0.382,0.408,10,-7.552,1,0.0407,0.75,0.0,0.127,0.128,77.063,173534,4
472,Kendrick Lamar,United In Grief,5Gt9bxniM1SxN61yRzRhXL,76,0.529,0.845,8,-8.142,1,0.404,0.244,0.0,0.143,0.331,85.63,255378,3
473,Juice WRLD,Come & Go,1G37iNjn6gVJo8sYIg95iX,0,0.625,0.811,0,-5.183,1,0.0659,0.0173,0.0,0.16,0.532,144.994,205485,4
474,Nardo Wick,G Nikes (feat. Polo G),7asQMsxC6dNgY0inCzJC5O,73,0.808,0.644,1,-6.167,1,0.329,0.0716,0.0,0.085,0.512,151.098,206968,4
475,A Boogie Wit da Hoodie,Needed That,1Pgu551wrKnGA82NiytP9G,68,0.489,0.548,0,-7.907,0,0.271,0.108,0.0,0.0865,0.68,146.33,206295,4
476,Trippie Redd,Ain’t Safe (feat. Don Toliver),6ja11GoXgF75QkEVqqAadn,74,0.829,0.644,9,-4.86,1,0.291,0.221,1.04e-06,0.141,0.515,147.151,166515,4
477,Imagine Dragons,Enemy (with JID) - from the series Arcane League of Legends,3CIyK1V4JEJkg02E4EJnDl,83,0.728,0.783,11,-4.424,0,0.266,0.237,0.0,0.434,0.555,77.011,173381,4
478,Beyoncé,BREAK MY SOUL,5pyoxDZ1PX0KxBxiRVxA4U,79,0.693,0.887,1,-5.039,0,0.0795,0.0581,2.71e-06,0.27,0.864,114.942,278282,4
479,Don Toliver,Do It Right,4ZevD501qZiFK7FY8DFn0V,75,0.662,0.515,5,-6.867,1,0.199,0.458,0.0,0.163,0.386,69.808,174474,4
480,charlieonnafriday,After Hours,6tYzs9xlEeYznMJpJ0sUkI,72,0.798,0.458,6,-8.278,1,0.0504,0.115,0.0,0.145,0.198,133.972,157667,4
481,YoungBoy Never Broke Again,Vette Motors,0HrWshW3SuFJ6nKS9ba9Mh,71,0.83,0.644,10,-5.431,0,0.407,0.0298,0.0,0.11,0.227,155.103,173419,4
482,A Boogie Wit da Hoodie,Bounce Back,79A2BaLkeTqE1ShSEKrSaa,67,0.799,0.633,4,-5.658,0,0.182,0.0276,0.0,0.109,0.211,95.957,181625,4
483,NLE Choppa,Slut Me Out,5BmB3OaQyYXCqRyN8iR2Yi,72,0.938,0.606,6,-6.396,0,0.419,0.117,0.0,0.528,0.706,121.108,123673,4
484,Ty Dolla $ign,My Friends (feat. Lil Durk),0wTTf3msjDJ8NcZGTmQJQV,73,0.633,0.478,8,-8.039,1,0.044,0.0558,0.0,0.202,0.441,169.961,158168,4
485,EST Gee,Backstage Passes (feat. Jack Harlow),2BSl2gSFHdzJAMus74qzNj,73,0.855,0.478,1,-8.31,1,0.345,0.145,0.0,0.101,0.536,153.074,158431,4
486,Future,Mask Off,2sCoBjwuK8WpECRRDxlIJO,0,0.833,0.434,2,-8.795,1,0.431,0.0102,0.0209,0.165,0.281,150.062,204600,4
487,Future,Solo,7HRyR9iNOV3iTZJFH8Ezjz,0,0.784,0.486,5,-6.497,0,0.0474,0.0538,0.501,0.101,0.0885,110.965,265996,4
488,BTS,Yet To Come,10SRMwb9EuVS1K9rYsBfHQ,86,0.559,0.885,1,-4.515,1,0.189,0.0432,0.0,0.333,0.683,172.029,193594,4
489,Quevedo,Vista Al Mar,7iwJOi3hlMqZt6pj1sQOBj,90,0.759,0.561,0,-5.643,0,0.131,0.803,0.121,0.101,0.491,104.915,180673,4
490,Lil Baby,Right On,6ws54n2IzyrIxxyzlG2bVJ,73,0.535,0.618,2,-5.668,1,0.382,0.0245,0.0,0.103,0.211,165.991,213976,4
491,A Boogie Wit da Hoodie,February,5GfZjk9VyJRX8wZKwSbT88,68,0.416,0.572,5,-6.699,0,0.253,0.123,0.0,0.195,0.311,89.902,154250,4
492,A Boogie Wit da Hoodie,Damn Homie (feat. Lil Durk),1KxdG2javZzd9GPdQjrQZS,67,0.86,0.571,0,-6.121,1,0.181,0.0605,0.0,0.0762,0.604,104.979,188371,4
493,A Boogie Wit da Hoodie,Emotions,3omuW7d24G1ksiTLStPto6,67,0.57,0.674,0,-5.848,1,0.0511,0.0581,0.0,0.196,0.318,128.075,180444,4
494,Chance Peña,In My Room,3SM7uIYEz3v3BGy9RHp7oU,77,0.408,0.338,4,-13.626,1,0.0431,0.521,0.000639,0.0732,0.1,133.943,177609,3
495,Bad Bunny,Callaita,71wFwRo8xGc4lrcyKwsvba,80,0.608,0.626,2,-4.773,1,0.301,0.597,2.16e-06,0.25,0.246,176.086,250534,4
496,Burna Boy,Alone,0AoBY2Y3qs6dtGgOD6c91N,83,0.6,0.659,4,-7.264,0,0.0542,0.176,0.0,0.111,0.307,89.955,221747,4
497,Kyle Richh,Notti Bop,0IEpFiWXbmfpiiUHPlPkYC,72,0.782,0.624,2,-10.807,1,0.415,0.44,0.0,0.119,0.673,142.107,225875,4
498,Victor Cibrian,En El Radio Un Cochinero,2NWaWZZLFMcr5P4uI2KvWy,80,0.696,0.623,6,-8.738,0,0.0438,0.466,8.61e-06,0.0983,0.965,154.028,223431,3
499,Junior H,El Hijo Mayor,1RGlfmdvcfatN0ZLOmzanS,83,0.571,0.567,8,-6.873,1,0.0994,0.431,0.0,0.129,0.967,165.332,196500,3
500,Rod Wave,Break My Heart,13VvjrXWYzG9lWViL8Y9vM,72,0.701,0.562,1,-8.915,1,0.0381,0.0166,1.2e-05,0.352,0.354,84.994,169412,4
501,Lil Baby,Drip Too Hard,10MBGkiDzGtv6hje1UXt2I,0,0.897,0.662,1,-6.903,0,0.292,0.0852,0.0,0.534,0.39,112.509,145543,4
502,Carin Leon,Que Vuelvas,6Um358vY92UBv5DloTRX9L,78,0.491,0.643,10,-4.309,1,0.0442,0.187,0.0,0.109,0.779,162.469,169419,4
503,Feid,Feliz Cumpleaños Ferxxo,2CeKVsFFXG4QzA415QygGb,88,0.865,0.573,5,-5.501,1,0.0678,0.0863,0.0,0.305,0.563,94.999,155960,4
504,Post Malone,Cooped Up (with Roddy Ricch),32vE1nuG8T9c8bhmZdRY6d,77,0.669,0.773,0,-5.619,1,0.153,0.038,0.0,0.113,0.377,93.923,185857,4
505,Reneé Rapp,Too Well,6Szgu8v7CAapag3XuuJX0b,74,0.668,0.618,10,-4.639,1,0.0607,0.125,0.0,0.112,0.389,120.951,156632,4
506,Ivan Cornejo,No Me Quise Ir,2JltnZUDzrxKuwNjkK5N6Q,71,0.342,0.463,6,-11.716,1,0.0354,0.0101,0.000712,0.12,0.187,85.05,210347,4
507,Post Malone,Cooped Up / Return Of The Mack,6Ole34qqbgkZ60IyrcVm7e,75,0.727,0.839,2,-4.781,1,0.184,0.01,3.63e-06,0.177,0.338,95.485,127253,4
508,Future,I'M ON ONE (feat. Drake),6wyhUr4Xw8z5uSy0AhoZfU,73,0.773,0.707,11,-5.71,1,0.0568,0.0103,1.04e-05,0.296,0.113,76.977,236187,4
509,$hyfromdatre,6000 Degrees (AH HA),5no1uAP51SFQzZqITUxsfG,72,0.918,0.517,2,-7.085,1,0.156,0.0365,0.0,0.0998,0.158,131.983,102873,4
510,Muni Long,Hrs & Hrs,3ncmoWTwJgx63LwMTyBCXf,76,0.52,0.546,8,-4.991,0,0.213,0.579,0.0,0.112,0.634,137.419,204317,3
511,Yahritza Y Su Esencia,Soy El Unico,4pKhxDtzoLPVy4GzW1ibAz,74,0.708,0.449,4,-4.369,0,0.0286,0.451,0.0,0.111,0.63,84.396,214000,1
512,Ivan Cornejo,Me Hiciste un Loco,0iade05WRF2AsjkRHDXz0v,70,0.443,0.46,1,-10.971,1,0.0636,0.624,0.000229,0.103,0.256,158.366,206919,3
513,The 1975,Oh Caroline,14dJexYlvd3t3XAtD1pYW1,77,0.646,0.85,2,-5.466,1,0.0428,0.363,4.01e-05,0.0994,0.819,96.538,212568,4
514,PLAYAMANE,MIDNIGHT,2WzAAerBvZvvFXgUpSwHZ9,82,0.633,0.433,1,-8.833,1,0.229,0.0053,0.28,0.145,0.373,122.088,121972,4
515,Juice WRLD,Burn,1X8E4vVoOM3BpSQlEDSjjM,73,0.354,0.475,1,-9.333,0,0.0425,0.149,0.034,0.21,0.0393,114.975,217222,4
516,JVKE,this is what heartbreak feels like,4RxdAzEmkPXTiIU6ULLoXh,75,0.707,0.474,1,-4.603,1,0.0672,0.578,0.0,0.11,0.538,109.991,157636,4
517,Mora,LA INOCENTE,5jt25aFjW2kNoBqaEVaz5W,88,0.757,0.789,5,-3.46,0,0.0583,0.307,0.0,0.0717,0.464,91.911,202174,4
518,A Boogie Wit da Hoodie,I Need It,4ChexY7k8QHSAvFLzxqYub,66,0.661,0.717,6,-6.472,1,0.137,0.0781,0.0,0.201,0.434,100.916,216238,4
519,Zach Bryan,Something in the Orange - Z&E's Version,7lNmcW2wW6ciV9Rhh8YOMe,71,0.594,0.382,7,-5.432,1,0.0292,0.416,0.0,0.117,0.223,110.237,254258,4
520,Jack Harlow,Churchill Downs (feat. Drake),3EMp20j5E42MxfFbsEsIvD,76,0.71,0.522,11,-9.102,1,0.36,0.615,0.0,0.11,0.37,96.448,309327,4
521,A Boogie Wit da Hoodie,Friends With Benefits,293wjlSQ2OpTwwJenCHVsx,65,0.686,0.608,5,-7.3,0,0.309,0.226,0.0,0.0616,0.826,92.32,129554,4
522,Lil Tjay,In My Head,1HvTxgCj0mTzQlEo0zLvFb,78,0.684,0.545,1,-6.885,1,0.121,0.159,0.0,0.102,0.407,143.049,135264,4
523,Polo G,Bag Talk,6Y95jrYOOWDkh7uO6PSDBT,73,0.585,0.596,1,-5.677,1,0.353,0.0276,0.0,0.111,0.148,157.957,147436,4
524,Baby Keem,bank account (with Lil Uzi Vert),5BvfdAtqZXGbR3Ub1Bejb6,72,0.859,0.721,11,-3.369,0,0.237,0.011,0.0,0.484,0.689,148.015,214240,4
525,BLACKPINK,Pink Venom,0skYUMpS0AcbpjcGsAbRGj,79,0.798,0.697,0,-7.139,1,0.0891,0.0202,0.0,0.259,0.745,90.031,186964,4
526,Steve Lacy,Helmet,0DmkBOGgEWMbUJlL6VwwF2,72,0.612,0.675,9,-6.518,0,0.0231,0.0994,0.0,0.217,0.763,97.04,201547,4
527,Lana Del Rey,Young And Beautiful,3T3n921XLsbNq4LnsXAsQM,3,0.326,0.416,11,-8.92,0,0.0352,0.269,3.36e-05,0.11,0.153,114.458,236053,4
528,Lana Del Rey,Brooklyn Baby,7MsE5FCQkEQndOnKTyAkaO,3,0.378,0.664,1,-6.698,1,0.0407,0.542,0.00397,0.11,0.0941,106.316,351640,4
529,Lana Del Rey,Summertime Sadness,35ajhO078JeNn7xCAr1Rei,3,0.559,0.674,1,-6.125,0,0.0329,0.0312,0.0,0.121,0.197,111.976,263973,4
530,Lana Del Rey,hope is a dangerous thing for a woman like me to have - but I have it,6Uj3t3MXS8njqxX5t9BBTe,0,0.57,0.144,7,-10.125,1,0.0579,0.965,1.88e-06,0.161,0.269,126.891,324302,1
531,Cigarettes After Sex,Pistol,5g5XvfePSypMK6eiVL6BI7,72,0.653,0.442,7,-11.727,1,0.0337,0.522,0.699,0.107,0.363,109.971,234174,4
532,Mother Mother,Hayloft II,0kYMwaQWABTkFff8AZjmYI,77,0.326,0.866,9,-4.541,0,0.101,0.0044,7.37e-06,0.0912,0.172,178.181,215040,4
533,A Boogie Wit da Hoodie,Ballin,4zrVXA3nqtBjRoCVivom6q,65,0.739,0.772,3,-5.222,0,0.303,0.367,0.0,0.0967,0.915,145.204,176134,4
534,Rod Wave,Sweet Little Lies,0qjoeS8gwEFqf0ju66ledI,70,0.656,0.679,10,-8.594,1,0.0598,0.014,0.0,0.101,0.27,159.978,174750,4
535,DaBaby,Bestie,6r9xnueU24r4eoG3HXC87E,72,0.807,0.625,0,-6.67,1,0.351,0.0741,0.0,0.487,0.871,146.031,111971,4
536,Lizzy McAlpine,ceilings,2L9N0zZnd37dwF0clgxMGI,74,0.516,0.322,9,-11.762,1,0.0292,0.473,0.00194,0.215,0.261,148.005,182888,3
537,Halsey,So Good,6kxaaIeowajN7w21PfMLbu,75,0.576,0.627,3,-4.649,0,0.0449,0.0385,0.0,0.181,0.311,164.998,176059,4
538,Sabrina Carpenter,because i liked a boy,32FhTAAjKZaBein150o3Px,76,0.386,0.592,11,-7.299,1,0.374,0.363,0.0,0.117,0.161,146.879,196458,4
539,Roddy Ricch,Stop Breathing,6mM8gri8d2abYYomjOV4ut,74,0.586,0.689,0,-6.04,1,0.425,0.0434,0.0,0.184,0.456,158.457,110707,4
540,NewJeans,Ditto,3r8RuvgbX9s7ammBn07D3W,80,0.814,0.641,6,-5.957,0,0.111,0.027,0.0,0.0993,0.183,133.854,185507,4
541,Los Farmerz,Hublot,5qKsIal7JJZ2bqXHPKdyVb,75,0.824,0.672,2,-7.679,1,0.126,0.133,1.97e-06,0.114,0.797,120.538,225250,1
542,NAV,Never Sleep (with Lil Baby feat. Travis Scott),3GdWfmQBiiJrDUvSZS1bGv,74,0.819,0.651,1,-5.829,1,0.169,0.00639,0.0,0.122,0.501,139.957,185786,4
543,Dan + Shay,Holiday Party,2ZiKXOsDvx9TfXIJT5cZGN,73,0.727,0.726,2,-3.813,1,0.0243,0.289,0.0,0.362,0.804,107.956,181027,4
544,Stray Kids,MANIAC,63irPUP3xB74fHdw1Aw9zR,80,0.581,0.8,1,-2.613,1,0.411,0.154,0.0,0.0697,0.709,119.872,182758,5
545,Kelsea Ballerini,IF YOU GO DOWN (I'M GOIN' DOWN TOO),1jX9wlAgVkAl0fCZqkCI73,70,0.676,0.856,11,-4.35,1,0.0393,0.454,0.0,0.141,0.965,144.092,166036,4
546,NewJeans,Cookie,2DwUdMJ5uxv20EhAildreg,81,0.847,0.638,0,-3.764,1,0.0575,0.0596,0.0,0.0894,0.661,156.935,235562,4
547,A Boogie Wit da Hoodie,Soul Snatcher,5RJxbQThJ56Qca48kkruLL,65,0.74,0.749,8,-4.43,1,0.127,0.569,0.0,0.139,0.489,90.02,170667,4
548,A Boogie Wit da Hoodie,Regular,1E1TntoJJqcWWUS9765gME,65,0.771,0.719,4,-5.221,0,0.0769,0.027,0.0,0.128,0.376,148.046,184018,4
549,Brent Faiyaz,JACKIE BROWN,2IlT65thKQQw248mhk2PjQ,73,0.726,0.353,10,-10.273,1,0.105,0.65,0.002,0.224,0.503,137.66,169014,4
550,Beyoncé,ENERGY (feat. Beam),0314PeD1sQNonfVWix3B2K,76,0.903,0.519,1,-9.151,1,0.26,0.281,0.000106,0.155,0.587,114.991,116727,4
551,Quavo,Chocolate (feat. Young Thug and Gunna),6PvHZ5vVjUhngh0t3pIsPc,73,0.854,0.611,1,-6.824,0,0.228,0.2,0.0,0.19,0.728,129.003,208372,4
552,Oxlade,KU LO SA - A COLORS SHOW,2WigMwGJysIh9fRnSJvpjn,85,0.649,0.655,10,-5.534,0,0.0652,0.307,0.0,0.22,0.793,92.9,147581,4
553,Lil Baby,Stand On It,26Hgx0810XUis01XWvoftB,72,0.728,0.496,11,-7.298,0,0.127,0.0325,0.0,0.0916,0.214,86.468,166889,4
554,Kid Cudi,love.,5XFoaqV1Z8XaLJidchVWhh,71,0.574,0.736,5,-4.743,1,0.0465,0.146,1.66e-05,0.407,0.344,138.501,328573,4
555,Keith Urban,Brown Eyes Baby,5JLf54f83nJrxD4IhFaLl7,71,0.521,0.833,8,-6.992,1,0.0313,0.0906,3.13e-06,0.0647,0.581,141.944,224985,4
556,David Guetta,Crazy What Love Can Do,7e0pPcYH0rwn96tFjlC2jY,0,0.601,0.713,4,-3.758,0,0.0449,0.0282,0.0,0.158,0.464,122.872,169756,4
557,David Guetta,Family Affair (Dance for Me),7aWLen9aaDPMRVxuvB5IfI,0,0.869,0.726,11,-5.654,0,0.0459,0.0784,0.0,0.107,0.343,124.023,158391,4
558,David Guetta,Titanium,6StlFfRJnJa3lLePvxYdvv,1,0.604,0.788,0,-3.673,0,0.103,0.0678,0.153,0.127,0.301,126.06,245040,4
559,David Guetta,Memories,0Xjk7XmUY0f3smfKEPVCOe,3,0.561,0.87,8,-6.103,1,0.343,0.0015,2.82e-06,0.246,0.498,129.98,210093,4
560,David Guetta,If You Really Love Me (How Will I Know),6JsiAld6ANzSeS4eSTpNsu,0,0.692,0.883,7,-4.698,1,0.0582,0.0512,0.0,0.228,0.614,122.984,184390,4
561,MoonDeity,NEON BLADE,0iUrxveyNUBfj0cqjYEijt,82,0.548,0.996,7,-2.169,1,0.112,0.0284,0.92,0.595,0.893,94.999,265263,4
562,Yeat,On tha linë,37nYSBS0MfRCm913QwCCYo,73,0.771,0.594,1,-8.991,0,0.193,0.00482,6.88e-06,0.111,0.119,149.106,154787,4
563,The 1975,I'm In Love With You,12g9IeQzX7xECLNxz8dpb5,76,0.668,0.902,2,-3.924,1,0.0386,0.169,8.74e-05,0.198,0.913,119.008,262624,4
564,Bad Bunny,Me Fui de Vacaciones,28GCbKgjlVD9eDmasGbe0T,83,0.714,0.645,10,-5.493,1,0.0514,0.229,0.00083,0.0942,0.434,85.046,180930,4
565,dkj,Aces,4pV6Kx1T9L49PBFwH1g8ca,76,0.602,0.537,10,-11.389,0,0.0332,0.00118,0.947,0.289,0.428,139.94,122250,4
566,Ian Munsick,Long Live Cowgirls (with Cody Johnson),16LGRLfaVIC5rT2ZvLk0gd,70,0.233,0.432,10,-5.957,1,0.0321,0.291,0.0,0.279,0.286,195.663,184747,3
567,Megan Thee Stallion,Her,5hHvFrMnwic82WwRLr4WY0,73,0.945,0.848,1,-4.76,1,0.326,0.374,3.31e-05,0.101,0.819,119.918,137107,4
568,A Boogie Wit da Hoodie,Come Here,4k83RslJNI1eKMLZYy1FSk,64,0.589,0.478,6,-10.813,1,0.453,0.465,3.62e-06,0.0937,0.192,100.742,234340,4
569,Dierks Bentley,Gold,4iy69rTUn8cAY8Q8q9vfOw,70,0.674,0.873,1,-4.256,1,0.0285,0.0482,0.0,0.18,0.946,115.01,167760,4
570,Luke Bryan,Country On,1tRxwf8Q0AcshfHuaD86Yt,71,0.52,0.751,5,-5.064,1,0.0551,0.171,7.4e-06,0.0624,0.519,156.044,236456,4
571,BoyWithUke,IDGAF (with blackbear),4ZUpTMKPYFTfJqamWFU9Zv,76,0.782,0.728,5,-5.93,1,0.0768,0.427,0.0,0.25,0.876,97.975,140667,4
572,Henry Janzen,Snowmen on Christmas by the Fireplace,6Obed4k0riz91yDHNWJoH1,71,0.534,0.107,9,-23.762,1,0.0315,0.974,0.886,0.0884,0.0682,99.04,94405,4
573,Chris Brown,Under The Influence,5UQYGzkUj3LnUwJWohCvpR,0,0.755,0.562,9,-8.947,0,0.0355,0.0186,0.000231,0.18,0.368,116.931,184613,4
574,Miranda Lambert,Strange,6BWOWBSalJEp7woRZSyiMb,70,0.723,0.633,6,-6.982,1,0.0332,0.0551,1.93e-05,0.0665,0.498,112.022,211227,4
575,Camila Cabello,Bam Bam (feat. Ed Sheeran),0QBzMgT7NIeoCYy3sJCof1,83,0.756,0.697,8,-6.377,1,0.0401,0.182,0.0,0.333,0.956,94.996,206071,4
576,Banda MS de Sergio Lizárraga,141,3IFYbBUCjCelWt5asaYasY,78,0.79,0.543,5,-6.952,0,0.0298,0.128,1.76e-06,0.153,0.794,122.451,171621,3
577,Lenin Ramírez,Se Acabo - En Vivo,0lyZyn18awzOJuVM7qzCmd,77,0.593,0.364,2,-7.242,1,0.175,0.515,0.0,0.348,0.652,83.133,230000,4
578,Ice Spice,Bikini Bottom,27Qz0cFmMGADsniMeUwyUe,73,0.749,0.629,8,-5.434,1,0.216,0.21,1.62e-06,0.0849,0.577,161.945,106667,3
579,Eslabon Armado,VETE A LA FREGADA,4WkyOBjeLPk7rAisyKl0uN,72,0.353,0.701,6,-5.169,1,0.0341,0.0755,0.0,0.191,0.464,89.739,166246,4
580,A Boogie Wit da Hoodie,24 Hours (feat. Lil Durk),5LAcJd65UNDkL7XagaMROY,63,0.586,0.474,2,-9.21,0,0.18,0.334,0.0,0.118,0.146,91.105,205702,4
581,ITZY,Cheshire,7ixVW7RobslvMrvlzHYLha,79,0.79,0.838,7,-3.183,1,0.0501,0.332,7.07e-06,0.357,0.738,98.966,182453,4
582,Julia Michaels,Sorry To Me Too,4SDccIA3pVkjaZsivDPaV5,74,0.682,0.642,11,-6.765,0,0.0825,0.391,0.000271,0.107,0.387,148.127,209596,4
583,El Fantasma,Fuera De Servicio,6wTqVQ6RRkqAyT5XDGcRq4,77,0.778,0.445,8,-5.178,1,0.0416,0.675,2.05e-06,0.283,0.969,116.973,154869,4
584,dhruv,double take,0QzuaeCEEOV40Pn7IvKEny,84,0.656,0.436,8,-11.141,1,0.0744,0.845,0.0,0.221,0.196,109.239,171743,4
585,Natalie Jane,AVA,7bdpStmJdlw9GKBPTOkDwT,80,0.578,0.471,3,-6.379,0,0.0417,0.155,0.0,0.0779,0.233,86.982,159339,4
586,Coldplay,Higher Power,5yKxOrzbUjhAHGodQuAFZy,1,0.507,0.828,10,-6.023,1,0.0449,0.00711,2.44e-05,0.261,0.489,178.032,211295,4
587,Coldplay,Yellow,41N0TCPz0FnufGjl8BLYdY,0,0.429,0.661,11,-7.227,1,0.0281,0.00239,0.000121,0.234,0.285,173.372,266773,4
588,Coldplay,Everglow,6CyOi15bL0cZbyqd0IL2iZ,1,0.476,0.257,4,-8.467,1,0.0315,0.968,0.0174,0.115,0.342,144.767,227507,4
589,Coldplay,A Sky Full of Stars,7639VGqb6MJjWq7gw7fpVB,1,0.545,0.675,6,-6.474,1,0.0279,0.00617,0.00197,0.209,0.162,124.97,267867,4
590,Brent Faiyaz,DEAD MAN WALKING,2c2tlXfEmLgUNvxngIi1qL,72,0.51,0.272,9,-13.763,0,0.0557,0.303,0.0,0.0958,0.435,143.984,247080,4
591,LE SSERAFIM,FEARLESS,296nXCOv97WJNRWzIBQnoj,82,0.863,0.62,7,-7.167,1,0.135,0.0508,0.00324,0.129,0.432,103.971,168437,4
592,Billie Eilish,idontwannabeyouanymore,7akudzwOA5t6dPRJhJqRPM,6,0.485,0.411,7,-8.461,1,0.0397,0.735,0.0,0.116,0.247,170.3,203569,3
593,Billie Eilish,Happier Than Ever,5Y2SzsrSPu31T1j25AIlkY,1,0.332,0.225,0,-8.697,1,0.0348,0.767,0.00349,0.128,0.297,81.055,298899,3
594,Billie Eilish,i love you,077jcoTI3ViH4Eoyed1uvt,3,0.42,0.131,0,-18.435,1,0.0382,0.953,0.00455,0.109,0.12,137.421,291796,4
595,Billie Eilish,bad guy,2MyR637TPYeDmlZ6eQcIu8,0,0.701,0.425,7,-10.965,1,0.375,0.328,0.13,0.1,0.562,135.128,194088,4
596,Billie Eilish,everything i wanted,4ujRnESms8iLI6ZHxHPjWF,0,0.704,0.225,6,-14.454,0,0.0994,0.901,0.657,0.106,0.243,120.006,245426,4
597,Billie Eilish,when the party's over,51ZPC6ZTdZfYLOIzzt0F3x,2,0.484,0.103,1,-14.075,0,0.0627,0.979,8.16e-05,0.0895,0.194,124.011,199931,3
598,Billie Eilish,hostage,54XelFkE0ny8Y1NldqDeCk,0,0.425,0.123,9,-15.227,0,0.0504,0.868,3.48e-05,0.0732,0.0394,129.612,229426,5
599,Billie Eilish,Male Fantasy,1sE76KqalQJZIvzGTASSdX,1,0.692,0.286,2,-10.398,1,0.0426,0.863,0.0,0.0934,0.305,111.025,194887,4
600,Billie Eilish,Bored,7vbXJUuBo3EVZDqStzn0yj,0,0.612,0.318,7,-12.695,1,0.0478,0.898,0.00239,0.0795,0.112,119.968,180933,4
601,Billie Eilish,No Time To Die,43fmeGK9rm7OLieEgAEH2g,1,0.344,0.22,4,-13.218,0,0.0365,0.917,0.0107,0.0827,0.0522,70.895,242265,4
602,Billie Eilish,Therefore I Am,6uKOb24gvFkY8ePby7JZjn,1,0.889,0.34,11,-7.773,0,0.0697,0.218,0.13,0.055,0.716,94.009,174321,4
603,EMELINE,cinderella's dead,5MWXOo8DJwgODtPGaietNz,77,0.596,0.607,6,-6.179,0,0.168,0.33,0.0,0.103,0.531,119.882,120666,4
604,A Boogie Wit da Hoodie,Back It Up,1widdsWW6SaIzM8t2uiA8w,63,0.419,0.699,3,-7.643,0,0.0682,0.0591,1.46e-05,0.168,0.245,99.969,195000,4
605,Zac Brown Band,Out In The Middle,1pbUfl4W9KtQ5hNkT6RiXp,70,0.516,0.867,1,-3.139,1,0.0328,0.0237,0.0,0.106,0.615,166.031,166301,4
606,A Boogie Wit da Hoodie,Chanelly (feat. Don Q),2PrOLk0pg7p3x6eE2WTdm6,63,0.586,0.738,7,-5.561,1,0.297,0.19,0.0,0.138,0.435,90.654,148962,4
607,James Hype,Ferrari,4zN21mbAuaD0WqtmaTZZeP,87,0.847,0.69,1,-7.877,0,0.0493,0.0127,6e-05,0.0526,0.692,125.004,186662,4
608,Joji,Dissolve,4DYKah8mcZf0O4l9Gt7woU,75,0.356,0.401,10,-10.303,1,0.0278,0.426,1.48e-05,0.131,0.38,92.488,177400,4
609,benny blanco,Bad Decisions (with BTS & Snoop Dogg),0xzI1KAr0Yd9tv8jlIk3sn,83,0.762,0.861,0,-3.296,1,0.0955,0.0185,0.0,0.264,0.955,120.048,172714,4
610,Mau y Ricky,Llorar y Llorar - con Carin Leon,4YF13O2n16dcTyGgVmiGvN,81,0.62,0.436,10,-8.108,1,0.213,0.554,0.0,0.0891,0.368,172.854,169705,3
611,Eladio Carrion,Mbappe,2lmWwBLVJ2P0HX491zkYws,83,0.712,0.684,7,-4.887,1,0.0512,0.548,0.0,0.168,0.513,130.038,147692,4
612,Giveon,Lost Me,6TSO4hwz9WGrEUY7ABGVim,77,0.428,0.443,2,-8.955,0,0.101,0.525,1.76e-05,0.219,0.2,87.934,180954,4
613,Sam Smith,I'm Ready,57cai3Oam7Dt1vYGIamdo4,2,0.503,0.687,5,-5.586,1,0.0387,0.00416,3.54e-05,0.289,0.142,155.119,200838,4
614,Sam Smith,Have Yourself A Merry Little Christmas,1a6VuPP9VvmggyH6l85ZGM,2,0.438,0.178,5,-9.402,1,0.0414,0.957,1.1e-06,0.316,0.344,75.25,170964,1
615,Sam Smith,Kids Again,4WUMSMbRokYNNk2tuoTs8p,1,0.666,0.726,11,-2.998,1,0.0262,0.486,0.0,0.0892,0.468,128.044,207528,4
616,Sam Smith,To Die For,00B1efLzCB1lUNPT8Gx7qt,0,0.485,0.362,0,-7.889,1,0.0889,0.849,4.13e-06,0.0986,0.284,171.374,193747,4
617,Sam Smith,The Lighthouse Keeper,6zFfofHlG4q00bm7yk5cpL,0,0.394,0.17,0,-10.368,1,0.0451,0.889,0.0,0.105,0.315,130.721,247493,3
618,Sam Smith,Like I Can,48izLTlxxczNG2VZKxMeY9,0,0.628,0.683,7,-5.565,0,0.0467,0.246,0.0,0.176,0.462,99.8,166347,4
619,Sam Smith,I'm Not The Only One,29lC0AyvOhx65wDU7wqAbQ,0,0.684,0.487,5,-5.887,1,0.0367,0.495,4.57e-06,0.0821,0.456,81.997,239427,4
620,Sam Smith,Stay With Me,1zAHeqAAuvWXPZsTS8AXEg,1,0.5,0.418,0,-6.535,1,0.0379,0.569,0.000176,0.11,0.177,84.899,172724,4
621,Sam Smith,Love Me More,1DNHkPtG2plJwckqnleo1r,0,0.791,0.439,10,-5.62,1,0.0645,0.302,1.85e-05,0.126,0.559,85.004,190659,4
622,A Boogie Wit da Hoodie,Man in the Mirror,6jSFZ9eyC72HjryfFgq2q7,62,0.849,0.631,3,-4.241,0,0.0637,0.171,0.0,0.149,0.55,135.997,215304,4
623,Zach Bryan,All the Time,1ldUPmqrCvk6thNYe0oUen,70,0.422,0.439,4,-6.606,0,0.0311,0.272,0.0,0.124,0.277,151.785,199500,4
624,Banda MS de Sergio Lizárraga,Ojos Cerrados,4OVpyR6yhYyVoRj9D7CERz,78,0.513,0.345,7,-7.579,1,0.0691,0.336,0.0,0.0584,0.68,79.981,180750,4
625,Eem Triplin,JUST FRIENDS ?,7ppUTKvokd4vQ68TNAxuZk,71,0.642,0.282,1,-15.018,1,0.4,0.351,0.0,0.264,0.161,147.022,163892,4
626,Eslabon Armado,SI SUPIERAS,7KDYKPhxFFRDBSbgcfLxUT,73,0.642,0.768,0,-3.674,1,0.0248,0.208,0.0,0.225,0.546,97.485,227815,3
627,HARDY,SOLD OUT,3I56OBwJkDAyt9L00c8ois,70,0.504,0.893,9,-4.801,1,0.0488,0.00556,1.83e-05,0.34,0.333,145.005,202912,4
628,Central Cee,One Up,6R6ZS5HYH4RdXkjEwEJO5R,77,0.85,0.664,6,-8.119,0,0.261,0.322,0.0,0.0475,0.743,144.108,160000,4
629,Metallica,Lux Æterna,3pwmJJRlr8nXNN9PFD18np,70,0.386,0.996,11,-2.96,0,0.0754,1.15e-05,0.000836,0.116,0.188,130.573,205680,4
630,Codiciado,Vamos Aclarando Muchas Cosas - En Vivo,5gZOpqxK3J5b5BSjzG1PkM,78,0.718,0.55,10,-5.743,1,0.0381,0.761,0.0,0.105,0.824,107.292,190720,3
631,Burna Boy,Last Last,5YbPxJwPfrj7uswNwoF1pJ,81,0.795,0.565,3,-4.457,0,0.0948,0.131,0.0,0.0802,0.55,87.925,172342,4
632,Zach Bryan,The Greatest Day of My Life,2leovgVrJjIhnm85tKTemI,70,0.535,0.314,3,-10.563,1,0.0491,0.839,7.33e-05,0.104,0.301,150.065,238624,4
633,Jon Pardi,Your Heart Or Mine,7ETjhPaIU4UmHOiimJBZz9,70,0.639,0.713,5,-4.368,0,0.0337,0.0539,0.0,0.102,0.717,86.1,161200,4
634,Falling In Reverse,Voices In My Head,5XUuldRjPXcP5QxyEN4IXT,73,0.546,0.898,2,-3.067,0,0.162,0.0266,0.0,0.129,0.639,173.17,191415,4
635,girl in red,October Passed Me By,0AjcdGri5vhJsmZnduCEqd,76,0.445,0.367,0,-13.086,1,0.0452,0.761,0.075,0.0987,0.202,155.675,165592,4
636,sped up nightcore,just wanna rock (Lil Uzi Vert) - Sped Up Version,5BDZ8atcxq0QHGn66YwTwh,75,0.544,0.546,1,-14.475,1,0.0923,0.0099,0.00027,0.392,0.151,161.76,100383,4
637,NMIXX,DICE,1QpwvWMQGdOgA8MXXfgs4H,80,0.556,0.798,7,-3.331,1,0.254,0.0848,0.0,0.33,0.628,131.096,165747,4
638,Jimmie Allen,down home,6iai8D40xiwuktWrxcInt1,70,0.584,0.821,9,-3.628,1,0.0305,0.01,0.0,0.196,0.571,146.0,201733,4
639,SZA,2AM,3vZGtceCbJVh5aDT4XhE0p,72,0.504,0.267,9,-13.678,0,0.406,0.438,0.0,0.141,0.392,83.966,242823,4
640,Taylor Swift,This Love (Taylor’s Version),4d1CG5ei1E2vGbvmgf5KKv,76,0.47,0.494,4,-8.672,1,0.0349,0.302,0.0,0.0672,0.0524,144.039,250100,4
641,Cults,Gilded Lily - Sped Up,5fqusHbZRDZrLikLiFwWTq,76,0.416,0.585,9,-6.397,1,0.0316,0.493,7.45e-06,0.168,0.111,136.549,192727,4
642,Fuerza Regida,Ch y la Pizza,1ySH55O0zbQBR77q8wQEyn,80,0.661,0.6,8,-4.495,1,0.125,0.401,0.0,0.141,0.848,148.666,136913,3
643,Sam Smith,I Feel Love,7CBuikSWYYXkpQa0avOWgO,1,0.719,0.707,0,-7.418,1,0.0417,0.00643,0.201,0.064,0.259,126.015,254453,4
644,Megan Thee Stallion,Sweetest Pie,7mFj0LlWtEJaEigguaWqYh,78,0.814,0.628,7,-7.178,1,0.221,0.167,0.0,0.101,0.677,123.977,201334,4
645,Tanner Usrey,Take Me Home,5Sd8elg0RhT0r33Ol456Zu,70,0.593,0.444,7,-8.054,1,0.0293,0.181,3.76e-06,0.125,0.392,78.848,209279,1
646,Kameron Marlowe,Girl On Fire,3DUVwg2lfRKphwNtYE7S85,70,0.591,0.758,2,-5.4,1,0.0719,0.435,0.0,0.179,0.412,82.008,173011,4
647,Jessie Murph,How Could You,7fkxcbBBsV7keJPnNfNf2L,74,0.573,0.17,11,-10.576,1,0.0555,0.834,3.08e-06,0.108,0.28,146.749,187813,3
648,YoungBoy Never Broke Again,Home Ain't Home (feat. Rod Wave),0oPpchtgx4hZ2J246g5mqn,69,0.773,0.602,0,-6.777,1,0.173,0.424,0.0,0.125,0.553,82.055,141166,4
649,HARDY,JACK,189D3XLBjj2YTCTD6QKdJY,70,0.551,0.6,7,-5.501,1,0.0295,0.0295,2.94e-06,0.291,0.493,125.019,168630,4
650,Paramore,The News,02oTRx0v3GloOe5VJZgjC7,74,0.564,0.91,4,-6.853,0,0.0953,0.00021,2.32e-05,0.378,0.736,157.942,187697,4
651,Natanael Cano,AMG,1lRtH4FszTrwwlK5gTSbXO,82,0.772,0.73,11,-6.657,0,0.0972,0.152,0.000107,0.274,0.786,136.175,174943,3
652,A Boogie Wit da Hoodie,Playa (feat. H.E.R.) - Bonus,141eQUzIq3LrpFnQuiWO4Z,62,0.724,0.777,10,-7.559,1,0.342,0.33,0.0,0.118,0.919,89.894,158268,4
653,Lil Baby,In A Minute,31lopd32BkJBTSgYE16c5e,72,0.626,0.583,4,-6.102,0,0.334,0.0279,0.0,0.112,0.133,113.42,200471,5
654,Imagine Dragons,On Top Of The World,5GWRm7nIODJA6wUnDfb1xC,2,0.588,0.925,0,-5.584,1,0.16,0.0897,4.89e-06,0.0881,0.759,99.83,192800,4
655,Imagine Dragons,It's Time,7b4AgaWA7PK9j2aIyoClVM,0,0.656,0.884,2,-4.748,1,0.0372,0.016,0.0,0.144,0.858,105.009,240307,4
656,Imagine Dragons,Bad Liar,0LQjG4FboSPDHr8R05I7jO,1,0.307,0.637,3,-6.993,1,0.0569,0.0732,0.0,0.368,0.0805,88.693,260773,4
657,Imagine Dragons,Thunder,3FuYYGjed3veCNk8DFrpKh,0,0.601,0.824,0,-4.757,1,0.0474,0.00866,0.173,0.155,0.246,167.965,187147,4
658,Imagine Dragons,Sharks,33ipZtiqiJOqxuf0ZP2jiB,0,0.927,0.642,10,-4.466,0,0.0657,0.00791,3.62e-05,0.279,0.901,123.969,190883,4
659,Imagine Dragons,Enemy - from the series Arcane League of Legends,3baZ1sS3mOWm4fRohVP8S7,0,0.728,0.783,11,-4.424,0,0.266,0.237,0.0,0.434,0.555,77.011,173381,4
660,Imagine Dragons,Whatever It Takes,2sQG7IDUJi1hplZWBmW2ZO,0,0.67,0.658,1,-5.005,1,0.0321,0.0428,0.0,0.129,0.558,134.936,201240,4
661,Roddy Ricch,Aston Martin Truck,1KaRuTOGchQyTnrY3vWzfR,73,0.749,0.548,5,-6.223,0,0.352,0.194,0.0,0.16,0.581,153.855,180240,4
662,Yung Gravy,C'est La Vie (with bbno$ & Rich Brian),0cgy8EueqwMuYzOZrW5vPB,73,0.888,0.778,9,-3.671,1,0.0945,0.0566,0.0,0.0653,0.774,142.128,160162,4
663,Oscar Maydon,Los Collares,46FdwGMcgz6gik4RCpWBAW,81,0.645,0.712,1,-5.787,1,0.188,0.208,0.0,0.3,0.805,136.724,148793,3
664,Rihanna,Born Again,18zQTt3ifDv6iLni2YuXMg,78,0.465,0.26,0,-8.179,0,0.031,0.475,0.0,0.138,0.259,116.642,213333,4
665,Lil Baby,Detox,7fSM2taFBEB1WNZl8AOIoo,73,0.845,0.503,1,-7.021,1,0.334,0.027,0.0,0.116,0.416,147.031,161637,4
666,Luke Combs,"Going, Going, Gone - Acoustic",261mlNfSZhoIZSFhRevAkE,65,0.408,0.306,6,-8.334,1,0.0413,0.901,0.0,0.114,0.323,168.066,166101,4
667,AJR,The DJ Is Crying For Help,2fihoO76h66Hio6noF4tQD,73,0.544,0.652,11,-6.938,0,0.0527,0.346,1.71e-06,0.114,0.519,145.039,220571,4
668,Mallrat,Wish on an Eyelash,3vLByi1CdmNJPpTtOdKqAQ,74,0.418,0.288,2,-10.597,1,0.0351,0.885,0.0316,0.115,0.352,89.861,58930,3
669,Adam Doleac,Don't It Sound Alright,58UvLeYJXtFkbkUP3lU6YK,70,0.641,0.547,7,-5.094,1,0.0247,0.0392,0.0,0.0771,0.487,130.061,218806,4
670,Sleepy Hallow,Marie,1pnwc4c5qjgxr2tVdSU4C5,74,0.742,0.498,7,-6.121,0,0.0498,0.707,0.0,0.109,0.926,99.95,182507,4
671,ONIMXRU,SHADOW,0wGbyS1tExQSwOYu6UceyE,80,0.721,0.692,7,-2.927,1,0.0414,0.000166,0.275,0.104,0.531,120.005,162042,4
672,Post Malone,Wrapped Around Your Finger,7MZC0MPC1JzxH35Aa1c0LF,0,0.744,0.628,2,-5.435,1,0.0287,0.0493,0.0,0.317,0.539,119.948,193565,4
673,Post Malone,I Like You (A Happier Song),25EwfA180XNZUzhV6BMrAS,1,0.733,0.67,5,-6.009,1,0.0751,0.121,0.0,0.121,0.472,100.964,192841,4
674,Post Malone,Cooped Up,7x07tqhR7I8wSKZx6we9MA,0,0.669,0.773,0,-5.619,1,0.153,0.038,0.0,0.113,0.377,93.923,185857,4
675,Ed Sheeran,Celestial,4zrKN5Sv8JS5mqnbVcsul7,84,0.574,0.852,2,-1.248,1,0.0397,0.0529,0.0,0.161,0.501,123.038,209027,4
676,Noah Kahan,She Calls Me Back,1LvU6IFqQnXOIwJyBDb2io,70,0.752,0.679,11,-6.453,1,0.0391,0.0853,0.0,0.28,0.704,127.945,243816,4
677,Elle King,Worth A Shot (feat. Dierks Bentley),16Sdmdt7jpibASwEsO0s9j,70,0.554,0.809,0,-4.893,1,0.039,0.00481,0.00156,0.111,0.462,159.989,211933,4
678,Tyga,Freaky Deaky,3vySEUpD0tc801F2WZDLYw,75,0.799,0.653,2,-5.453,0,0.037,0.019,0.0,0.0935,0.236,104.019,215281,4
679,Zach Bryan,Quittin' Time,50Emgupm363qIrYBe20FR3,69,0.557,0.725,0,-5.79,0,0.0388,0.215,9.21e-06,0.217,0.54,143.34,220885,4
680,g3ox_em,GigaChad Theme - Phonk House Version,7mLWNwcvwRdEviz6SfYp8A,82,0.588,0.496,9,-5.947,1,0.0417,0.00166,0.936,0.186,0.582,128.001,146274,4
681,David Morris,Dutton Ranch Freestyle,0uWopULW6vBRuPoi7EjKMR,70,0.834,0.651,11,-5.844,0,0.0618,0.00395,5.18e-06,0.139,0.8,121.984,143787,4
682,Sam Hunt,Water Under The Bridge,4viFAHmivkYQKkwLvwKOgg,70,0.635,0.866,5,-2.695,1,0.0473,0.0697,0.0,0.0955,0.853,133.889,169760,4
683,Ghostface Playa,Why Not,4oMyggIzClkOcCTvotFLkP,80,0.725,0.984,9,-1.638,1,0.0351,0.000718,0.895,0.372,0.931,119.983,165000,4
684,Arijit Singh,Oboseshe - LoFi Mix,5keERXLXGf1sFUrtFXeGRc,5,0.419,0.339,7,-13.678,1,0.0434,0.308,2.1e-06,0.0905,0.327,84.367,240860,4
685,$uicideboy$,$uicideboy$ Were Better In 2015,6LoaYlv0bC1TyctuADqNFh,70,0.883,0.822,5,-4.029,0,0.108,0.0301,1.7e-06,0.111,0.327,110.024,143347,4
686,NAYEON,POP!,3lOMJTQTd6J34faYwASc33,81,0.795,0.859,2,-2.994,1,0.0542,0.0361,0.0,0.0321,0.356,96.986,168107,4
687,Dax,Dear Alcohol,3HgmGFYiO8967EFji8CSdM,71,0.817,0.501,1,-9.623,1,0.0481,0.258,0.0,0.102,0.408,129.979,236308,4
688,Peso Pluma,El Belicon,15UfWisTMmHsMjkUUEAoAa,80,0.409,0.713,8,-6.713,1,0.03,0.434,0.000719,0.206,0.725,97.029,214398,3
689,Brent Faiyaz,ADDICTIONS (FEAT. Tre' Amani),01VzuxoBYMAJLObfU0w6dI,72,0.889,0.489,10,-8.587,0,0.108,0.0209,1.78e-05,0.0814,0.843,93.039,192011,4
690,Flo Milli,Conceited,02nTpchENdZ4Nm8AfTmrFv,71,0.978,0.683,8,-5.743,1,0.0981,0.0634,5.88e-05,0.523,0.419,118.041,146441,4
691,Shawn Mendes,When You're Gone,0U1W2LZVUX7qTm7dDpqxh6,81,0.603,0.691,5,-5.805,1,0.0372,0.0248,0.0,0.583,0.577,147.148,172267,4
692,Sadie Jean,Locksmith,4HcARAxzsbIB3MqiEkejM6,76,0.566,0.348,1,-10.726,1,0.0458,0.559,7.66e-06,0.113,0.374,98.734,164082,4
693,Michael Bublé,Let It Snow! (10th Anniversary),1QtDPl1UJZDtDzY848tjVL,2,0.558,0.531,7,-5.114,0,0.0478,0.631,0.0,0.124,0.576,129.908,159629,4
694,Michael Bublé,I'll Be Home for Christmas,65wohhq9Yf4Rwf8LMLD18E,2,0.29,0.102,7,-14.657,1,0.0314,0.934,5e-05,0.16,0.134,82.787,264827,4
695,Michael Bublé,Love You Anymore,4H67lWX345PDCxFCSWT3gi,1,0.693,0.257,6,-7.785,1,0.0356,0.869,0.0,0.11,0.603,90.014,182667,4
696,Freddie Dredd,Wrath,5WbKBMz6y0FbUdZl18XlJO,74,0.789,0.541,2,-6.449,1,0.0733,0.0931,0.0281,0.137,0.732,149.229,113547,4
697,Koe Wetzel,Cabo,46Tqp6TCGO2vQZyztZy8Te,68,0.64,0.601,4,-7.172,0,0.0372,0.0172,0.0,0.356,0.205,126.951,243797,4
698,Maren Morris,I Can't Love You Anymore,4tKtMWS8LZRvWhzuHKRIdr,70,0.342,0.591,2,-5.115,1,0.0452,0.217,0.0,0.16,0.399,175.673,169307,4
699,Khalid,Skyline,1QxIFMs4M8qd5cbJJu80v4,75,0.733,0.653,11,-6.094,1,0.0391,0.0179,0.0218,0.184,0.752,119.996,182895,5
700,Rod Wave,Yungen (feat. Jack Harlow),1NtyeXryylf8HWXnxVTD3v,70,0.614,0.744,11,-5.52,1,0.125,0.309,1.14e-06,0.173,0.589,146.02,226115,4
701,Lil Durk,Mad Max,2i2qDe3dnTl6maUE31FO7c,72,0.898,0.64,5,-8.796,0,0.255,0.0212,0.0,0.0919,0.68,149.988,153600,4
702,A$AP Rocky,Shittin' Me,31UJ8vd4JQc1JEa7TgcDSz,75,0.738,0.659,1,-2.398,1,0.17,0.0411,0.0,0.0681,0.488,148.007,144730,4
703,skaiwater,#miles,1hboZZxKIEjLHRIkhx4Soi,73,0.39,0.305,8,-13.392,0,0.0555,0.489,0.0687,0.155,0.166,157.155,115138,4
704,Anuel AA,La Bebe - Remix,37en4zeYba2V33HDqMDHWJ,2,0.902,0.447,6,-11.557,1,0.127,0.0863,0.0,0.136,0.231,99.016,374545,4
705,Bruno Mars,After Last Night,3oULhCBoHAl28UGFNR0vF9,0,0.651,0.703,0,-8.958,0,0.0816,0.0297,0.0,0.0608,0.647,140.051,249444,4
706,Bruno Mars,Just the Way You Are,5VDIdklAe9dkD6rHzzSJpV,1,0.635,0.843,5,-5.413,1,0.0432,0.0151,0.0,0.0876,0.434,109.014,220733,4
707,Bruno Mars,Leave the Door Open,4j4lyiX7xumvMkxMIhZ2QH,0,0.586,0.616,5,-7.964,1,0.0324,0.182,0.0,0.0927,0.719,148.088,242096,4
708,Bruno Mars,Smokin out the Window,1hfam4PmtdO2nDe4LEWrSq,0,0.627,0.618,2,-8.529,1,0.0437,0.0558,0.0,0.351,0.848,82.03,197443,4
709,Bruno Mars,Talking to the Moon,77bhxMBlJ2MUrUPVGGv6F2,2,0.523,0.607,1,-4.754,0,0.03,0.512,0.0,0.106,0.0651,145.837,217867,4
710,Bruno Mars,Grenade,564a7S7fBHWcg7qFtHzfaI,2,0.706,0.558,2,-7.237,0,0.0596,0.146,0.0,0.118,0.228,110.444,223253,4
711,Bruno Mars,Love's Train,5LbxyxLQnbyCJIgcR1zegd,0,0.71,0.625,6,-9.008,0,0.0295,0.029,1.1e-05,0.108,0.784,140.994,307014,4
712,INTERWORLD,METAMORPHOSIS - Sped Up,6MlIIJwO4FxnOlrpOrS4hU,80,0.679,0.69,11,-10.582,0,0.0732,0.472,0.904,0.181,0.136,112.478,110936,4
713,Nicki Minaj,Tukoh Taka - Official FIFA Fan Festival™ Anthem,7twsd0lwXyy0ARdsTyzHoJ,81,0.963,0.905,7,-4.053,1,0.117,0.654,0.0481,0.107,0.594,123.998,178530,4
714,1nonly,Step Back!,6jdwbcH788txYS6Doy1F1j,77,0.783,0.89,1,-5.995,1,0.2,0.185,0.00417,0.0969,0.437,127.996,150675,4
715,Noah Kahan,New Perspective,1M39ETXmej4g9EMSeXPUgj,69,0.685,0.522,5,-9.635,1,0.0415,0.264,1.31e-06,0.0837,0.509,156.529,256871,4
716,Kendrick Lamar,Savior,3drdWsJKiVCSQ2gKhd9BDT,73,0.605,0.692,8,-7.45,1,0.446,0.495,0.0,0.303,0.685,124.84,224466,5
717,Anuel AA,La Máquina,35ns1WEurw3MVlHJjHwNWQ,77,0.799,0.775,11,-5.869,1,0.077,0.0308,0.00526,0.309,0.605,95.027,296907,4
718,Junior H,Loco Enamorado,0V6NB0qBW7Vvm7RuSoHszG,77,0.569,0.38,11,-7.231,0,0.092,0.0887,0.0,0.16,0.481,77.556,226000,1
719,$uicideboy$,In Constant Sorrow,1TnfJHuRolxBBbweTa3qby,70,0.707,0.672,6,-6.186,1,0.0864,0.113,1.03e-05,0.103,0.326,129.951,158517,4
720,Ken Carson,Freestyle 2,28niVl6iodHnHpE1bCeJiV,70,0.636,0.705,1,-7.774,0,0.24,0.00402,0.0,0.105,0.679,95.921,138319,5
721,Hitkidd,Shabooya,6PphODv2LB2b9BWK9lhWuY,69,0.878,0.62,9,-4.956,0,0.289,0.00782,0.0,0.0635,0.835,145.016,178824,4
722,Thomas Rhett,Half Of Me,11kskoMyNDumaR30CI6rRv,70,0.575,0.842,7,-5.058,1,0.0348,0.00683,0.0,0.279,0.665,111.995,183027,4
723,King Von,Don't Play That,3IPGG5Niex4hGlXFOYWzp9,70,0.947,0.605,10,-8.621,0,0.346,0.0748,7.54e-06,0.0901,0.656,129.988,133613,4
724,LUCKI,KAPITOL DENIM,2P1oNlBGmFudn3ZyUrj7hJ,71,0.804,0.375,1,-12.951,1,0.312,0.244,0.0,0.0954,0.687,123.958,116133,4
725,MEDUZA,Bad Memories (feat. Elley Duhé & FAST BOY),3rb0tMq42WfggucPm0HHkA,87,0.607,0.767,5,-6.069,0,0.0474,0.118,0.0,0.122,0.662,123.998,148629,3
726,Disco Lines,Baby Girl,2cSdAkzAf2T4j4aLvx4LLz,79,0.73,0.907,2,-3.72,1,0.0606,0.0921,0.114,0.23,0.249,120.968,111074,4
727,SoFaygo,Hell Yeah,0jQ4mEnWB1AuSVqnFLhxT6,71,0.696,0.708,9,-4.737,1,0.0438,0.000113,0.0,0.444,0.287,142.026,168161,4
728,Eden Muñoz,Como Quieras Quiero,7MyOq9tWhL9bGHeeG5Iz5p,79,0.555,0.707,10,-7.665,1,0.12,0.644,1.07e-05,0.101,0.963,185.914,122097,3
729,Quevedo,Punto G,0oBtwScT4B4BR5kZitNWd5,89,0.751,0.761,11,-4.113,0,0.15,0.251,0.000238,0.0991,0.553,92.032,151325,4
730,Kodak Black,300 Blackout,3y3NwQPQAjKCunRz2eKggA,70,0.669,0.741,0,-6.545,0,0.316,0.0198,0.0,0.223,0.396,167.903,166494,4
731,Dua Lipa,Be the One,14YpjBD8IU2EaTXHtqTq2J,4,0.661,0.651,7,-3.771,0,0.0498,0.117,1.3e-05,0.056,0.368,87.46,202915,4
732,Dua Lipa,Don't Start Now,72He8Q8KXzvEX4ENY6sV2u,1,0.793,0.793,11,-4.521,0,0.083,0.0123,0.0,0.0951,0.679,123.95,183290,4
733,Dua Lipa,Levitating,0GztBLd0CGoCDjhrj3apAg,1,0.702,0.825,6,-3.787,0,0.0601,0.00883,0.0,0.0674,0.915,102.977,203064,4
734,Daddy Yankee,La Noche De Los Dos,3g4FWv8og7I56g7wbo0ymX,0,0.762,0.79,9,-3.944,0,0.0988,0.109,2.73e-06,0.172,0.748,129.988,223360,4
735,Daddy Yankee,Con Calma,1FR7jFyVy3DajNtFIW5IqW,0,0.737,0.86,8,-2.652,0,0.0594,0.11,1.94e-06,0.0574,0.656,93.989,193227,4
736,Daddy Yankee,Rompe,7t9e4MFj5MBL7HO8IFaQTR,0,0.687,0.806,1,-6.019,0,0.0549,0.0358,5.83e-06,0.0569,0.534,176.064,189040,4
737,Daddy Yankee,Mil Problemas,0TEkrAkXDduxynkJFXMAYb,0,0.696,0.814,1,-5.025,1,0.129,0.116,0.0,0.133,0.788,88.94,154547,4
738,Daddy Yankee,Que Tire Pa Lante,2LrIv7cyKFUeK75b1urO3s,0,0.659,0.901,7,-2.814,1,0.0358,0.0478,0.0,0.148,0.704,93.979,210520,4
739,Daddy Yankee,La Rompe Carros,2AkPABNJQ0jOF4ZHazwyYa,0,0.714,0.789,9,-7.877,1,0.237,0.0517,0.000169,0.314,0.718,178.063,179267,4
